Date Time,Temp (°C) c:1,RH (%) c:1 2
07/02/19 10:00:00,28.667,74.070
07/02/19 11:00:00,31.970,65.476
07/02/19 12:00:00,34.757,54.162
07/02/19 13:00:00,35.288,53.749
07/02/19 14:00:00,35.395,48.267
07/02/19 15:00:00,36.173,47.966
07/02/19 16:00:00,30.722,65.852
07/02/19 17:00:00,31.306,66.905
07/02/19 18:00:00,31.001,73.171
07/02/19 19:00:00,28.791,71.256
07/02/19 20:00:00,25.040,85.786
07/02/19 21:00:00,23.905,91.656
07/02/19 22:00:00,22.848,93.129
07/02/19 23:00:00,21.843,96.027
07/03/19 00:00:00,22.513,94.414
07/03/19 01:00:00,21.795,95.909
07/03/19 02:00:00,21.915,95.462
07/03/19 03:00:00,21.008,96.865
07/03/19 04:00:00,20.579,97.513
07/03/19 05:00:00,20.222,98.280
07/03/19 06:00:00,20.079,98.917
07/03/19 07:00:00,20.103,99.339
07/03/19 08:00:00,21.413,98.651
07/03/19 09:00:00,24.219,88.492
07/03/19 10:00:00,26.085,83.819
07/03/19 11:00:00,27.974,77.444
07/03/19 12:00:00,30.091,73.777
07/03/19 13:00:00,29.215,78.896
07/03/19 14:00:00,25.598,82.946
07/03/19 15:00:00,24.895,81.341
07/03/19 16:00:00,26.109,84.448
07/03/19 17:00:00,26.598,83.420
07/03/19 18:00:00,26.769,87.135
07/03/19 19:00:00,26.769,85.953
07/03/19 20:00:00,25.355,92.612
07/03/19 21:00:00,23.930,94.694
07/03/19 22:00:00,22.537,96.949
07/03/19 23:00:00,22.226,98.002
07/04/19 00:00:00,22.393,98.336
07/04/19 01:00:00,21.413,98.651
07/04/19 02:00:00,20.722,99.351
07/04/19 03:00:00,20.293,99.856
07/04/19 04:00:00,20.841,100.000
07/04/19 05:00:00,21.056,100.000
07/04/19 06:00:00,20.936,100.000
07/04/19 07:00:00,20.770,100.000
07/04/19 08:00:00,21.318,100.000
07/04/19 09:00:00,23.088,95.604
07/04/19 10:00:00,24.605,89.136
07/04/19 11:00:00,26.475,84.189
07/04/19 12:00:00,35.582,54.568
07/04/19 13:00:00,28.742,77.834
07/04/19 14:00:00,30.646,66.484
07/04/19 15:00:00,28.295,77.186
07/04/19 16:00:00,28.023,85.414
07/04/19 17:00:00,29.690,72.923
07/04/19 18:00:00,31.408,65.752
07/04/19 19:00:00,28.742,79.965
07/04/19 20:00:00,26.818,90.382
07/04/19 21:00:00,25.113,93.559
07/04/19 22:00:00,23.689,96.612
07/04/19 23:00:00,22.896,97.705
07/05/19 00:00:00,22.513,98.735
07/05/19 01:00:00,22.226,99.339
07/05/19 02:00:00,21.843,99.654
07/05/19 03:00:00,21.557,100.000
07/05/19 04:00:00,21.223,100.000
07/05/19 05:00:00,20.889,100.000
07/05/19 06:00:00,20.650,100.000
07/05/19 07:00:00,20.627,100.000
07/05/19 08:00:00,21.795,100.000
07/05/19 09:00:00,24.146,96.624
07/05/19 10:00:00,26.329,89.905
07/05/19 11:00:00,28.221,79.740
07/05/19 12:00:00,37.949,46.786
07/05/19 13:00:00,30.697,67.260
07/05/19 14:00:00,30.722,70.736
07/05/19 15:00:00,29.190,74.944
07/05/19 16:00:00,28.916,79.390
07/05/19 17:00:00,30.646,73.464
07/05/19 18:00:00,31.816,66.192
07/05/19 19:00:00,28.593,83.227
07/05/19 20:00:00,26.867,90.671
07/05/19 21:00:00,24.895,93.749
07/05/19 22:00:00,23.809,96.643
07/05/19 23:00:00,23.184,97.542
07/06/19 00:00:00,22.729,98.688
07/06/19 01:00:00,22.393,99.280
07/06/19 02:00:00,22.034,99.497
07/06/19 03:00:00,21.628,99.908
07/06/19 04:00:00,21.318,100.000
07/06/19 05:00:00,21.079,100.000
07/06/19 06:00:00,21.079,100.000
07/06/19 07:00:00,21.127,100.000
07/06/19 08:00:00,22.585,100.000
07/06/19 09:00:00,24.002,97.492
07/06/19 10:00:00,24.726,94.464
07/06/19 11:00:00,24.968,92.189
07/06/19 12:00:00,29.490,78.191
07/06/19 13:00:00,28.667,77.730
07/06/19 14:00:00,28.270,80.070
07/06/19 15:00:00,28.717,80.802
07/06/19 16:00:00,28.270,85.441
07/06/19 17:00:00,29.790,74.644
07/06/19 18:00:00,31.382,66.949
07/06/19 19:00:00,28.593,82.105
07/06/19 20:00:00,26.426,82.870
07/06/19 21:00:00,23.761,92.409
07/06/19 22:00:00,23.088,95.871
07/06/19 23:00:00,22.513,96.784
07/07/19 00:00:00,22.034,98.083
07/07/19 01:00:00,21.533,98.840
07/07/19 02:00:00,21.175,99.785
07/07/19 03:00:00,20.793,99.966
07/07/19 04:00:00,20.603,100.000
07/07/19 05:00:00,20.603,100.000
07/07/19 06:00:00,20.627,100.000
07/07/19 07:00:00,20.722,100.000
07/07/19 08:00:00,22.082,99.823
07/07/19 09:00:00,24.532,95.841
07/07/19 10:00:00,26.671,88.121
07/07/19 11:00:00,28.742,80.662
07/07/19 12:00:00,33.053,66.959
07/07/19 13:00:00,29.715,78.706
07/07/19 14:00:00,30.192,78.186
07/07/19 15:00:00,29.464,80.203
07/07/19 16:00:00,29.490,76.601
07/07/19 17:00:00,30.369,68.973
07/07/19 18:00:00,32.355,68.807
07/07/19 19:00:00,29.115,79.722
07/07/19 20:00:00,27.014,90.235
07/07/19 21:00:00,25.817,88.646
07/07/19 22:00:00,24.557,91.351
07/07/19 23:00:00,23.617,88.516
07/08/19 00:00:00,22.729,94.121
07/08/19 01:00:00,22.130,96.260
07/08/19 02:00:00,21.724,97.000
07/08/19 03:00:00,21.175,98.326
07/08/19 04:00:00,20.722,98.570
07/08/19 05:00:00,20.365,98.734
07/08/19 06:00:00,19.936,98.619
07/08/19 07:00:00,19.627,98.017
07/08/19 08:00:00,21.008,90.189
07/08/19 09:00:00,22.465,82.204
07/08/19 10:00:00,23.905,82.236
07/08/19 11:00:00,25.720,75.705
07/08/19 12:00:00,36.606,45.260
07/08/19 13:00:00,29.040,60.496
07/08/19 14:00:00,28.369,63.179
07/08/19 15:00:00,28.023,65.821
07/08/19 16:00:00,27.751,66.749
07/08/19 17:00:00,29.490,62.185
07/08/19 18:00:00,29.815,62.735
07/08/19 19:00:00,27.284,72.379
07/08/19 20:00:00,25.355,84.506
07/08/19 21:00:00,23.280,90.303
07/08/19 22:00:00,21.461,94.334
07/08/19 23:00:00,20.365,96.092
07/09/19 00:00:00,19.722,97.312
07/09/19 01:00:00,19.341,97.211
07/09/19 02:00:00,18.889,98.131
07/09/19 03:00:00,18.509,98.236
07/09/19 04:00:00,18.580,99.929
07/09/19 05:00:00,18.747,98.765
07/09/19 06:00:00,18.390,98.668
07/09/19 07:00:00,18.129,98.004
07/09/19 08:00:00,19.960,95.328
07/09/19 09:00:00,22.489,83.923
07/09/19 10:00:00,24.895,81.626
07/09/19 11:00:00,27.038,76.260
07/09/19 12:00:00,30.900,70.314
07/09/19 13:00:00,28.593,75.715
07/09/19 14:00:00,30.697,59.815
07/09/19 15:00:00,30.142,63.129
07/09/19 16:00:00,29.615,70.715
07/09/19 17:00:00,30.495,66.980
07/09/19 18:00:00,31.433,58.289
07/09/19 19:00:00,28.692,79.460
07/09/19 20:00:00,26.182,89.066
07/09/19 21:00:00,24.484,93.429
07/09/19 22:00:00,22.992,96.511
07/09/19 23:00:00,22.082,97.885
07/10/19 00:00:00,21.485,98.879
07/10/19 01:00:00,21.079,99.499
07/10/19 02:00:00,20.793,99.578
07/10/19 03:00:00,20.484,99.960
07/10/19 04:00:00,20.246,100.000
07/10/19 05:00:00,20.079,100.000
07/10/19 06:00:00,19.793,100.000
07/10/19 07:00:00,19.746,100.000
07/10/19 08:00:00,20.889,100.000
07/10/19 09:00:00,23.761,98.091
07/10/19 10:00:00,26.867,89.060
07/10/19 11:00:00,28.866,74.970
07/10/19 12:00:00,33.600,60.769
07/10/19 13:00:00,30.824,72.386
07/10/19 14:00:00,31.103,69.865
07/10/19 15:00:00,30.419,78.791
07/10/19 16:00:00,30.268,82.204
07/10/19 17:00:00,31.714,73.727
07/10/19 18:00:00,33.157,66.265
07/10/19 19:00:00,29.991,81.797
07/10/19 20:00:00,28.270,90.451
07/10/19 21:00:00,26.549,93.180
07/10/19 22:00:00,25.162,95.922
07/10/19 23:00:00,24.388,97.247
07/11/19 00:00:00,23.881,98.150
07/11/19 01:00:00,23.713,93.129
07/11/19 02:00:00,22.202,99.071
07/11/19 03:00:00,21.819,99.830
07/11/19 04:00:00,21.652,100.000
07/11/19 05:00:00,21.867,100.000
07/11/19 06:00:00,21.581,100.000
07/11/19 07:00:00,21.294,100.000
07/11/19 08:00:00,22.082,100.000
07/11/19 09:00:00,23.352,100.000
07/11/19 10:00:00,24.726,95.273
07/11/19 11:00:00,25.817,89.312
07/11/19 12:00:00,29.515,78.196
07/11/19 13:00:00,28.990,79.930
07/11/19 14:00:00,29.815,71.204
07/11/19 15:00:00,28.766,77.780
07/11/19 16:00:00,28.816,74.871
07/11/19 17:00:00,29.215,75.067
07/11/19 18:00:00,29.765,65.105
07/11/19 19:00:00,27.554,76.069
07/11/19 20:00:00,25.501,88.683
07/11/19 21:00:00,23.617,91.476
07/11/19 22:00:00,22.465,94.750
07/11/19 23:00:00,21.676,94.655
07/12/19 00:00:00,20.960,97.168
07/12/19 01:00:00,20.412,98.357
07/12/19 02:00:00,19.888,98.762
07/12/19 03:00:00,19.365,99.139
07/12/19 04:00:00,18.723,98.810
07/12/19 05:00:00,18.057,99.735
07/12/19 06:00:00,17.463,99.802
07/12/19 07:00:00,17.011,99.576
07/12/19 08:00:00,17.938,98.443
07/12/19 09:00:00,20.007,93.672
07/12/19 10:00:00,22.058,84.190
07/12/19 11:00:00,24.098,75.790
07/12/19 12:00:00,34.019,44.726
07/12/19 13:00:00,27.210,63.573
07/12/19 14:00:00,28.196,59.523
07/12/19 15:00:00,26.720,62.387
07/12/19 16:00:00,26.744,66.696
07/12/19 17:00:00,28.394,58.616
07/12/19 18:00:00,30.495,51.290
07/12/19 19:00:00,26.500,71.726
07/12/19 20:00:00,23.328,83.267
07/12/19 21:00:00,20.913,89.569
07/12/19 22:00:00,18.699,91.799
07/12/19 23:00:00,17.320,95.897
07/13/19 00:00:00,16.463,96.913
07/13/19 01:00:00,15.939,98.721
07/13/19 02:00:00,15.461,97.570
07/13/19 03:00:00,15.127,99.085
07/13/19 04:00:00,14.768,99.467
07/13/19 05:00:00,14.361,98.950
07/13/19 06:00:00,14.146,99.447
07/13/19 07:00:00,14.457,100.000
07/13/19 08:00:00,15.891,98.810
07/13/19 09:00:00,18.747,98.351
07/13/19 10:00:00,22.776,87.822
07/13/19 11:00:00,25.550,73.441
07/13/19 12:00:00,35.475,40.941
07/13/19 13:00:00,28.543,51.095
07/13/19 14:00:00,29.941,49.506
07/13/19 15:00:00,28.543,63.208
07/13/19 16:00:00,28.295,65.959
07/13/19 17:00:00,30.293,48.481
07/13/19 18:00:00,32.124,49.364
07/13/19 19:00:00,27.776,69.085
07/13/19 20:00:00,24.895,80.770
07/13/19 21:00:00,22.776,88.483
07/13/19 22:00:00,21.032,93.478
07/13/19 23:00:00,19.936,96.846
07/14/19 00:00:00,18.985,97.247
07/14/19 01:00:00,18.414,98.133
07/14/19 02:00:00,17.796,98.662
07/14/19 03:00:00,17.463,99.316
07/14/19 04:00:00,17.272,99.136
07/14/19 05:00:00,17.225,99.839
07/14/19 06:00:00,17.344,99.820
07/14/19 07:00:00,17.082,100.000
07/14/19 08:00:00,18.580,98.565
07/14/19 09:00:00,21.223,97.447
07/14/19 10:00:00,24.823,87.134
07/14/19 11:00:00,27.063,73.258
07/14/19 12:00:00,38.700,40.468
07/14/19 13:00:00,30.469,63.616
07/14/19 14:00:00,30.748,58.501
07/14/19 15:00:00,29.865,69.551
07/14/19 16:00:00,29.890,68.553
07/14/19 17:00:00,31.103,60.788
07/14/19 18:00:00,33.313,56.562
07/14/19 19:00:00,29.464,73.210
07/14/19 20:00:00,26.891,88.312
07/14/19 21:00:00,25.210,91.948
07/14/19 22:00:00,24.267,94.294
07/14/19 23:00:00,23.232,94.517
07/15/19 00:00:00,22.681,96.032
07/15/19 01:00:00,21.867,97.828
07/15/19 02:00:00,21.413,98.599
07/15/19 03:00:00,21.246,99.284
07/15/19 04:00:00,21.294,99.401
07/15/19 05:00:00,21.032,99.382
07/15/19 06:00:00,20.674,99.753
07/15/19 07:00:00,20.603,100.000
07/15/19 08:00:00,21.604,99.771
07/15/19 09:00:00,23.160,98.645
07/15/19 10:00:00,25.817,87.392
07/15/19 11:00:00,28.345,76.285
07/15/19 12:00:00,31.816,67.178
07/15/19 13:00:00,30.495,71.782
07/15/19 14:00:00,31.740,68.024
07/15/19 15:00:00,30.672,68.936
07/15/19 16:00:00,28.941,76.610
07/15/19 17:00:00,28.444,80.164
07/15/19 18:00:00,27.481,86.227
07/15/19 19:00:00,25.453,86.384
07/15/19 20:00:00,23.857,93.002
07/15/19 21:00:00,23.400,96.537
07/15/19 22:00:00,22.585,98.071
07/15/19 23:00:00,22.250,98.429
07/16/19 00:00:00,22.154,98.744
07/16/19 01:00:00,22.130,99.104
07/16/19 02:00:00,21.987,98.961
07/16/19 03:00:00,21.867,99.764
07/16/19 04:00:00,21.819,99.960
07/16/19 05:00:00,21.700,100.000
07/16/19 06:00:00,21.939,100.000
07/16/19 07:00:00,21.987,99.901
07/16/19 08:00:00,22.824,98.661
07/16/19 09:00:00,23.954,96.254
07/16/19 10:00:00,26.158,88.670
07/16/19 11:00:00,27.825,79.019
07/16/19 12:00:00,33.053,62.037
07/16/19 13:00:00,29.515,74.858
07/16/19 14:00:00,29.840,73.101
07/16/19 15:00:00,29.590,71.945
07/16/19 16:00:00,22.848,95.275
07/16/19 17:00:00,24.146,100.000
07/16/19 18:00:00,24.992,99.397
07/16/19 19:00:00,25.331,98.559
07/16/19 20:00:00,25.065,99.945
07/16/19 21:00:00,24.484,98.627
07/16/19 22:00:00,23.304,100.000
07/16/19 23:00:00,23.088,100.000
07/17/19 00:00:00,22.776,99.906
07/17/19 01:00:00,22.561,99.822
07/17/19 02:00:00,22.274,99.927
07/17/19 03:00:00,22.178,100.000
07/17/19 04:00:00,22.130,100.000
07/17/19 05:00:00,22.202,100.000
07/17/19 06:00:00,22.274,100.000
07/17/19 07:00:00,22.417,100.000
07/17/19 08:00:00,22.585,100.000
07/17/19 09:00:00,23.040,100.000
07/17/19 10:00:00,23.665,100.000
07/17/19 11:00:00,24.581,100.000
07/17/19 12:00:00,26.426,99.142
07/17/19 13:00:00,27.235,94.116
07/17/19 14:00:00,28.717,89.327
07/17/19 15:00:00,28.394,86.264
07/17/19 16:00:00,28.642,86.405
07/17/19 17:00:00,28.642,88.298
07/17/19 18:00:00,28.990,87.589
07/17/19 19:00:00,24.847,100.000
07/17/19 20:00:00,25.477,100.000
07/17/19 21:00:00,24.653,100.000
07/17/19 22:00:00,24.171,100.000
07/17/19 23:00:00,21.987,100.000
07/18/19 00:00:00,21.939,100.000
07/18/19 01:00:00,21.700,100.000
07/18/19 02:00:00,21.390,100.000
07/18/19 03:00:00,21.151,100.000
07/18/19 04:00:00,20.960,100.000
07/18/19 05:00:00,20.746,100.000
07/18/19 06:00:00,20.555,100.000
07/18/19 07:00:00,20.698,100.000
07/18/19 08:00:00,21.795,100.000
07/18/19 09:00:00,24.267,100.000
07/18/19 10:00:00,24.895,100.000
07/18/19 11:00:00,25.598,100.000
07/18/19 12:00:00,32.175,87.978
07/18/19 13:00:00,29.040,92.109
07/18/19 14:00:00,30.646,85.401
07/18/19 15:00:00,29.890,85.919
07/18/19 16:00:00,29.790,87.942
07/18/19 17:00:00,31.128,82.417
07/18/19 18:00:00,33.678,70.329
07/18/19 19:00:00,29.916,86.722
07/18/19 20:00:00,27.653,92.793
07/18/19 21:00:00,25.963,95.588
07/18/19 22:00:00,24.823,97.441
07/18/19 23:00:00,24.436,98.826
07/19/19 00:00:00,24.557,100.000
07/19/19 01:00:00,24.195,100.000
07/19/19 02:00:00,23.569,100.000
07/19/19 03:00:00,23.064,100.000
07/19/19 04:00:00,23.112,100.000
07/19/19 05:00:00,23.184,100.000
07/19/19 06:00:00,23.497,100.000
07/19/19 07:00:00,23.833,100.000
07/19/19 08:00:00,24.436,100.000
07/19/19 09:00:00,25.501,99.771
07/19/19 10:00:00,26.573,96.877
07/19/19 11:00:00,28.023,92.857
07/19/19 12:00:00,29.590,89.869
07/19/19 13:00:00,29.991,86.084
07/19/19 14:00:00,30.976,84.323
07/19/19 15:00:00,30.066,88.459
07/19/19 16:00:00,30.520,80.803
07/19/19 17:00:00,31.791,80.278
07/19/19 18:00:00,33.626,71.876
07/19/19 19:00:00,30.016,85.489
07/19/19 20:00:00,28.171,93.526
07/19/19 21:00:00,26.573,95.798
07/19/19 22:00:00,25.186,98.335
07/19/19 23:00:00,24.388,99.447
07/20/19 00:00:00,23.881,100.000
07/20/19 01:00:00,23.400,100.000
07/20/19 02:00:00,23.016,100.000
07/20/19 03:00:00,22.776,100.000
07/20/19 04:00:00,22.609,100.000
07/20/19 05:00:00,22.298,100.000
07/20/19 06:00:00,22.130,100.000
07/20/19 07:00:00,21.939,100.000
07/20/19 08:00:00,23.088,100.000
07/20/19 09:00:00,25.574,99.976
07/20/19 10:00:00,27.358,93.928
07/20/19 11:00:00,28.667,90.461
07/20/19 12:00:00,35.958,66.959
07/20/19 13:00:00,31.842,77.455
07/20/19 14:00:00,32.278,72.899
07/20/19 15:00:00,30.117,83.328
07/20/19 16:00:00,30.520,77.102
07/20/19 17:00:00,32.587,67.773
07/20/19 18:00:00,35.155,62.434
07/20/19 19:00:00,30.520,82.200
07/20/19 20:00:00,28.369,92.085
07/20/19 21:00:00,26.646,96.465
07/20/19 22:00:00,25.307,97.620
07/20/19 23:00:00,24.436,99.407
07/21/19 00:00:00,23.881,99.837
07/21/19 01:00:00,23.521,100.000
07/21/19 02:00:00,23.232,100.000
07/21/19 03:00:00,23.016,100.000
07/21/19 04:00:00,22.824,100.000
07/21/19 05:00:00,22.585,100.000
07/21/19 06:00:00,22.537,100.000
07/21/19 07:00:00,22.513,100.000
07/21/19 08:00:00,23.569,100.000
07/21/19 09:00:00,25.695,98.096
07/21/19 10:00:00,27.358,92.281
07/21/19 11:00:00,29.315,85.647
07/21/19 12:00:00,35.315,66.662
07/21/19 13:00:00,31.204,78.539
07/21/19 14:00:00,32.510,71.184
07/21/19 15:00:00,31.153,78.676
07/21/19 16:00:00,30.849,82.995
07/21/19 17:00:00,31.996,78.700
07/21/19 18:00:00,33.365,67.321
07/21/19 19:00:00,29.065,83.904
07/21/19 20:00:00,27.530,92.267
07/21/19 21:00:00,26.378,91.381
07/21/19 22:00:00,23.761,92.707
07/21/19 23:00:00,22.872,97.830
07/22/19 00:00:00,22.537,100.000
07/22/19 01:00:00,22.465,100.000
07/22/19 02:00:00,22.345,100.000
07/22/19 03:00:00,22.393,100.000
07/22/19 04:00:00,22.058,100.000
07/22/19 05:00:00,21.819,100.000
07/22/19 06:00:00,21.772,100.000
07/22/19 07:00:00,21.939,100.000
07/22/19 08:00:00,22.321,100.000
07/22/19 09:00:00,22.321,100.000
07/22/19 10:00:00,22.441,100.000
07/22/19 11:00:00,23.328,99.741
07/22/19 12:00:00,24.315,98.105
07/22/19 13:00:00,24.847,92.704
07/22/19 14:00:00,21.079,100.000
07/22/19 15:00:00,21.008,100.000
07/22/19 16:00:00,21.939,100.000
07/22/19 17:00:00,21.652,100.000
07/22/19 18:00:00,21.270,100.000
07/22/19 19:00:00,21.151,100.000
07/22/19 20:00:00,20.698,100.000
07/22/19 21:00:00,19.627,100.000
07/22/19 22:00:00,18.771,100.000
07/22/19 23:00:00,18.366,100.000
07/23/19 00:00:00,17.605,100.000
07/23/19 01:00:00,16.844,100.000
07/23/19 02:00:00,16.272,100.000
07/23/19 03:00:00,15.915,100.000
07/23/19 04:00:00,15.676,100.000
07/23/19 05:00:00,15.294,100.000
07/23/19 06:00:00,14.792,100.000
07/23/19 07:00:00,14.601,100.000
07/23/19 08:00:00,15.796,100.000
07/23/19 09:00:00,18.176,100.000
07/23/19 10:00:00,19.532,100.000
07/23/19 11:00:00,21.772,87.339
07/23/19 12:00:00,30.950,47.585
07/23/19 13:00:00,25.113,65.021
07/23/19 14:00:00,25.768,58.248
07/23/19 15:00:00,24.532,67.754
07/23/19 16:00:00,23.569,75.249
07/23/19 17:00:00,25.307,63.044
07/23/19 18:00:00,28.518,54.410
07/23/19 19:00:00,24.098,80.114
07/23/19 20:00:00,21.772,88.328
07/23/19 21:00:00,19.746,93.632
07/23/19 22:00:00,18.129,96.448
07/23/19 23:00:00,16.892,96.976
07/24/19 00:00:00,16.010,96.690
07/24/19 01:00:00,15.366,99.226
07/24/19 02:00:00,14.864,99.468
07/24/19 03:00:00,14.864,100.000
07/24/19 04:00:00,14.625,100.000
07/24/19 05:00:00,14.361,100.000
07/24/19 06:00:00,13.786,100.000
07/24/19 07:00:00,13.305,99.992
07/24/19 08:00:00,14.266,100.000
07/24/19 09:00:00,16.725,97.653
07/24/19 10:00:00,19.222,89.378
07/24/19 11:00:00,21.270,82.644
07/24/19 12:00:00,30.849,47.540
07/24/19 13:00:00,25.016,66.998
07/24/19 14:00:00,26.012,62.210
07/24/19 15:00:00,24.436,67.317
07/24/19 16:00:00,23.016,79.000
07/24/19 17:00:00,25.258,67.071
07/24/19 18:00:00,28.444,51.338
07/24/19 19:00:00,23.569,75.540
07/24/19 20:00:00,21.223,87.924
07/24/19 21:00:00,19.270,93.988
07/24/19 22:00:00,17.391,95.864
07/24/19 23:00:00,16.534,98.577
07/25/19 00:00:00,15.867,99.160
07/25/19 01:00:00,15.390,99.588
07/25/19 02:00:00,14.888,99.449
07/25/19 03:00:00,14.457,99.961
07/25/19 04:00:00,14.122,99.641
07/25/19 05:00:00,14.170,100.000
07/25/19 06:00:00,13.858,100.000
07/25/19 07:00:00,13.690,100.000
07/25/19 08:00:00,14.840,100.000
07/25/19 09:00:00,17.677,99.912
07/25/19 10:00:00,21.103,91.483
07/25/19 11:00:00,22.968,79.276
07/25/19 12:00:00,33.469,41.799
07/25/19 13:00:00,26.085,55.797
07/25/19 14:00:00,28.023,51.730
07/25/19 15:00:00,26.036,55.130
07/25/19 16:00:00,25.040,73.755
07/25/19 17:00:00,25.501,68.976
07/25/19 18:00:00,29.941,48.534
07/25/19 19:00:00,24.026,77.860
07/25/19 20:00:00,22.202,88.265
07/25/19 21:00:00,20.126,92.929
07/25/19 22:00:00,18.366,95.204
07/25/19 23:00:00,17.391,97.884
07/26/19 00:00:00,16.844,98.763
07/26/19 01:00:00,16.368,99.196
07/26/19 02:00:00,16.129,100.000
07/26/19 03:00:00,15.772,99.946
07/26/19 04:00:00,15.461,100.000
07/26/19 05:00:00,15.270,100.000
07/26/19 06:00:00,15.127,100.000
07/26/19 07:00:00,15.055,100.000
07/26/19 08:00:00,16.177,100.000
07/26/19 09:00:00,18.937,99.487
07/26/19 10:00:00,22.178,90.309
07/26/19 11:00:00,24.315,77.775
07/26/19 12:00:00,31.612,53.276
07/26/19 13:00:00,26.940,60.818
07/26/19 14:00:00,28.692,56.839
07/26/19 15:00:00,27.481,60.718
07/26/19 16:00:00,26.207,71.671
07/26/19 17:00:00,26.744,75.057
07/26/19 18:00:00,28.717,67.434
07/26/19 19:00:00,26.671,77.764
07/26/19 20:00:00,23.809,89.058
07/26/19 21:00:00,21.509,94.293
07/26/19 22:00:00,20.007,97.022
07/26/19 23:00:00,19.151,98.486
07/27/19 00:00:00,18.533,98.991
07/27/19 01:00:00,17.986,99.331
07/27/19 02:00:00,17.320,99.226
07/27/19 03:00:00,16.892,99.747
07/27/19 04:00:00,16.511,100.000
07/27/19 05:00:00,16.249,100.000
07/27/19 06:00:00,16.058,100.000
07/27/19 07:00:00,16.082,100.000
07/27/19 08:00:00,16.987,100.000
07/27/19 09:00:00,19.888,100.000
07/27/19 10:00:00,22.944,90.386
07/27/19 11:00:00,25.331,81.520
07/27/19 12:00:00,35.797,48.779
07/27/19 13:00:00,27.899,68.594
07/27/19 14:00:00,29.540,65.866
07/27/19 15:00:00,27.776,72.592
07/27/19 16:00:00,27.924,72.321
07/27/19 17:00:00,29.090,63.390
07/27/19 18:00:00,31.919,55.722
07/27/19 19:00:00,27.554,79.689
07/27/19 20:00:00,25.307,87.692
07/27/19 21:00:00,23.160,92.044
07/27/19 22:00:00,21.509,95.091
07/27/19 23:00:00,20.507,96.970
07/28/19 00:00:00,19.817,98.483
07/28/19 01:00:00,19.436,99.261
07/28/19 02:00:00,19.151,99.545
07/28/19 03:00:00,18.866,100.000
07/28/19 04:00:00,18.509,100.000
07/28/19 05:00:00,18.200,100.000
07/28/19 06:00:00,17.962,100.000
07/28/19 07:00:00,17.724,100.000
07/28/19 08:00:00,18.771,100.000
07/28/19 09:00:00,21.461,98.820
07/28/19 10:00:00,24.146,92.069
07/28/19 11:00:00,26.012,82.266
07/28/19 12:00:00,32.355,58.807
07/28/19 13:00:00,28.245,68.201
07/28/19 14:00:00,30.293,63.153
07/28/19 15:00:00,27.998,69.999
07/28/19 16:00:00,27.949,74.880
07/28/19 17:00:00,30.444,57.603
07/28/19 18:00:00,32.510,60.000
07/28/19 19:00:00,27.949,75.617
07/28/19 20:00:00,25.331,89.695
07/28/19 21:00:00,23.280,92.750
07/28/19 22:00:00,21.700,95.619
07/28/19 23:00:00,20.746,96.586
07/29/19 00:00:00,19.984,97.773
07/29/19 01:00:00,19.508,98.504
07/29/19 02:00:00,19.222,99.487
07/29/19 03:00:00,18.937,99.796
07/29/19 04:00:00,18.818,100.000
07/29/19 05:00:00,18.818,100.000
07/29/19 06:00:00,18.747,100.000
07/29/19 07:00:00,18.723,100.000
07/29/19 08:00:00,19.841,100.000
07/29/19 09:00:00,22.561,97.854
07/29/19 10:00:00,25.089,88.364
07/29/19 11:00:00,26.818,81.179
07/29/19 12:00:00,35.315,49.902
07/29/19 13:00:00,29.414,68.955
07/29/19 14:00:00,30.646,65.130
07/29/19 15:00:00,28.791,67.812
07/29/19 16:00:00,28.345,77.108
07/29/19 17:00:00,28.419,69.261
07/29/19 18:00:00,25.793,75.690
07/29/19 19:00:00,22.561,92.491
07/29/19 20:00:00,21.557,98.950
07/29/19 21:00:00,21.246,100.000
07/29/19 22:00:00,20.984,100.000
07/29/19 23:00:00,20.841,100.000
07/30/19 00:00:00,20.650,100.000
07/30/19 01:00:00,20.579,100.000
07/30/19 02:00:00,20.507,100.000
07/30/19 03:00:00,20.031,100.000
07/30/19 04:00:00,19.722,100.000
07/30/19 05:00:00,19.555,100.000
07/30/19 06:00:00,19.793,100.000
07/30/19 07:00:00,19.841,100.000
07/30/19 08:00:00,20.650,100.000
07/30/19 09:00:00,21.485,100.000
07/30/19 10:00:00,22.848,100.000
07/30/19 11:00:00,23.376,98.702
07/30/19 12:00:00,25.963,88.346
07/30/19 13:00:00,26.061,87.700
07/30/19 14:00:00,27.554,84.969
07/30/19 15:00:00,27.677,80.062
07/30/19 16:00:00,27.998,75.657
07/30/19 17:00:00,22.872,96.506
07/30/19 18:00:00,22.537,100.000
07/30/19 19:00:00,23.208,98.236
07/30/19 20:00:00,22.537,98.479
07/30/19 21:00:00,21.748,99.628
07/30/19 22:00:00,20.841,100.000
07/30/19 23:00:00,20.365,100.000
07/31/19 00:00:00,19.984,100.000
07/31/19 01:00:00,19.555,100.000
07/31/19 02:00:00,19.341,100.000
07/31/19 03:00:00,19.199,100.000
07/31/19 04:00:00,19.175,100.000
07/31/19 05:00:00,18.866,100.000
07/31/19 06:00:00,18.889,100.000
07/31/19 07:00:00,18.937,100.000
07/31/19 08:00:00,19.984,100.000
07/31/19 09:00:00,20.579,99.156
07/31/19 10:00:00,21.485,91.819
07/31/19 11:00:00,22.776,90.836
07/31/19 12:00:00,30.849,61.218
07/31/19 13:00:00,26.256,74.814
07/31/19 14:00:00,29.015,62.945
07/31/19 15:00:00,26.867,78.908
07/31/19 16:00:00,26.744,77.400
07/31/19 17:00:00,29.665,62.338
07/31/19 18:00:00,31.408,57.588
07/31/19 19:00:00,26.231,79.499
07/31/19 20:00:00,23.761,91.075
07/31/19 21:00:00,21.724,93.652
07/31/19 22:00:00,20.269,96.829
07/31/19 23:00:00,19.270,98.103
08/01/19 00:00:00,18.628,99.145
08/01/19 01:00:00,18.343,100.000
08/01/19 02:00:00,17.986,99.843
08/01/19 03:00:00,17.653,98.983
08/01/19 04:00:00,17.463,99.572
08/01/19 05:00:00,17.153,99.513
08/01/19 06:00:00,17.011,100.000
08/01/19 07:00:00,16.892,100.000
08/01/19 08:00:00,18.010,100.000
08/01/19 09:00:00,20.293,95.704
08/01/19 10:00:00,22.729,90.415
08/01/19 11:00:00,25.016,84.374
08/01/19 12:00:00,34.677,51.194
08/01/19 13:00:00,27.899,69.981
08/01/19 14:00:00,30.697,58.620
08/01/19 15:00:00,26.231,73.483
08/01/19 16:00:00,26.867,77.658
08/01/19 17:00:00,29.315,67.721
08/01/19 18:00:00,31.561,59.728
08/01/19 19:00:00,26.965,73.772
08/01/19 20:00:00,25.234,88.676
08/01/19 21:00:00,22.944,93.476
08/01/19 22:00:00,21.366,96.379
08/01/19 23:00:00,20.531,98.102
08/02/19 00:00:00,20.222,98.696
08/02/19 01:00:00,19.817,98.847
08/02/19 02:00:00,20.079,100.000
08/02/19 03:00:00,20.150,98.156
08/02/19 04:00:00,19.175,99.449
08/02/19 05:00:00,18.937,100.000
08/02/19 06:00:00,18.985,98.777
08/02/19 07:00:00,18.675,99.596
08/02/19 08:00:00,19.294,97.668
08/02/19 09:00:00,21.676,90.052
08/02/19 10:00:00,23.905,84.913
08/02/19 11:00:00,25.355,78.278
08/02/19 12:00:00,36.254,49.331
08/02/19 13:00:00,28.717,62.742
08/02/19 14:00:00,29.439,61.960
08/02/19 15:00:00,28.791,65.799
08/02/19 16:00:00,27.505,77.933
08/02/19 17:00:00,30.167,56.423
08/02/19 18:00:00,30.495,59.816
08/02/19 19:00:00,26.818,73.921
08/02/19 20:00:00,24.629,83.215
08/02/19 21:00:00,22.657,89.606
08/02/19 22:00:00,20.841,93.963
08/02/19 23:00:00,19.817,96.343
08/03/19 00:00:00,19.080,97.714
08/03/19 01:00:00,18.557,97.679
08/03/19 02:00:00,18.152,96.480
08/03/19 03:00:00,17.629,96.238
08/03/19 04:00:00,17.296,97.394
08/03/19 05:00:00,16.773,97.409
08/03/19 06:00:00,16.558,98.430
08/03/19 07:00:00,16.582,97.975
08/03/19 08:00:00,17.558,97.127
08/03/19 09:00:00,20.603,92.353
08/03/19 10:00:00,23.472,81.547
08/03/19 11:00:00,25.453,79.049
08/03/19 12:00:00,34.097,49.124
08/03/19 13:00:00,28.667,62.456
08/03/19 14:00:00,30.469,51.384
08/03/19 15:00:00,28.568,62.718
08/03/19 16:00:00,27.776,70.679
08/03/19 17:00:00,26.426,77.510
08/03/19 18:00:00,31.586,57.488
08/03/19 19:00:00,26.134,75.260
08/03/19 20:00:00,23.978,86.633
08/03/19 21:00:00,21.772,90.700
08/03/19 22:00:00,19.793,92.285
08/03/19 23:00:00,18.485,92.065
08/04/19 00:00:00,17.629,95.613
08/04/19 01:00:00,17.177,96.275
08/04/19 02:00:00,16.868,97.125
08/04/19 03:00:00,16.463,98.250
08/04/19 04:00:00,16.177,98.019
08/04/19 05:00:00,15.939,98.543
08/04/19 06:00:00,15.772,98.880
08/04/19 07:00:00,15.533,99.272
08/04/19 08:00:00,16.272,99.246
08/04/19 09:00:00,19.080,95.888
08/04/19 10:00:00,22.393,85.769
08/04/19 11:00:00,24.774,68.665
08/04/19 12:00:00,35.877,35.135
08/04/19 13:00:00,28.122,65.257
08/04/19 14:00:00,30.925,47.158
08/04/19 15:00:00,28.468,58.596
08/04/19 16:00:00,27.924,57.793
08/04/19 17:00:00,28.617,58.838
08/04/19 18:00:00,31.459,53.159
08/04/19 19:00:00,26.378,76.684
08/04/19 20:00:00,24.146,87.117
08/04/19 21:00:00,22.154,90.630
08/04/19 22:00:00,20.436,92.954
08/04/19 23:00:00,19.460,95.198
08/05/19 00:00:00,18.652,95.723
08/05/19 01:00:00,18.176,97.318
08/05/19 02:00:00,17.915,98.591
08/05/19 03:00:00,17.772,99.016
08/05/19 04:00:00,17.391,98.861
08/05/19 05:00:00,17.106,99.167
08/05/19 06:00:00,16.892,99.083
08/05/19 07:00:00,16.844,99.836
08/05/19 08:00:00,17.558,98.855
08/05/19 09:00:00,20.222,96.554
08/05/19 10:00:00,23.785,89.052
08/05/19 11:00:00,26.085,78.283
08/05/19 12:00:00,37.700,39.650
08/05/19 13:00:00,30.243,55.990
08/05/19 14:00:00,31.970,54.193
08/05/19 15:00:00,28.791,62.104
08/05/19 16:00:00,29.215,62.389
08/05/19 17:00:00,27.653,75.087
08/05/19 18:00:00,29.540,68.522
08/05/19 19:00:00,26.842,77.944
08/05/19 20:00:00,24.388,86.253
08/05/19 21:00:00,22.513,91.722
08/05/19 22:00:00,21.175,93.941
08/05/19 23:00:00,20.174,95.383
08/06/19 00:00:00,19.460,96.825
08/06/19 01:00:00,19.175,97.402
08/06/19 02:00:00,18.961,97.942
08/06/19 03:00:00,18.557,98.016
08/06/19 04:00:00,18.390,98.978
08/06/19 05:00:00,18.010,99.542
08/06/19 06:00:00,17.724,99.439
08/06/19 07:00:00,17.486,99.911
08/06/19 08:00:00,18.414,99.601
08/06/19 09:00:00,21.079,96.989
08/06/19 10:00:00,24.388,88.643
08/06/19 11:00:00,25.040,89.736
08/06/19 12:00:00,29.640,73.033
08/06/19 13:00:00,28.394,72.738
08/06/19 14:00:00,29.765,70.864
08/06/19 15:00:00,28.891,75.093
08/06/19 16:00:00,24.581,87.301
08/06/19 17:00:00,24.774,94.206
08/06/19 18:00:00,24.895,96.497
08/06/19 19:00:00,23.978,99.179
08/06/19 20:00:00,23.376,99.360
08/06/19 21:00:00,22.369,99.848
08/06/19 22:00:00,21.819,100.000
08/06/19 23:00:00,21.557,100.000
08/07/19 00:00:00,21.366,100.000
08/07/19 01:00:00,21.032,100.000
08/07/19 02:00:00,20.269,100.000
08/07/19 03:00:00,19.722,100.000
08/07/19 04:00:00,19.865,100.000
08/07/19 05:00:00,19.746,100.000
08/07/19 06:00:00,19.294,100.000
08/07/19 07:00:00,19.270,100.000
08/07/19 08:00:00,20.222,100.000
08/07/19 09:00:00,20.793,100.000
08/07/19 10:00:00,21.413,99.642
08/07/19 11:00:00,22.896,95.394
08/07/19 12:00:00,31.382,66.672
08/07/19 13:00:00,26.720,76.460
08/07/19 14:00:00,29.190,66.510
08/07/19 15:00:00,26.916,76.118
08/07/19 16:00:00,26.867,76.460
08/07/19 17:00:00,26.524,72.177
08/07/19 18:00:00,29.439,66.216
08/07/19 19:00:00,26.036,84.885
08/07/19 20:00:00,23.905,91.629
08/07/19 21:00:00,21.867,95.050
08/07/19 22:00:00,20.579,96.989
08/07/19 23:00:00,19.674,98.211
08/08/19 00:00:00,19.080,98.544
08/08/19 01:00:00,18.652,99.435
08/08/19 02:00:00,18.319,99.704
08/08/19 03:00:00,18.010,99.952
08/08/19 04:00:00,17.748,100.000
08/08/19 05:00:00,17.486,100.000
08/08/19 06:00:00,17.344,100.000
08/08/19 07:00:00,17.225,100.000
08/08/19 08:00:00,18.200,100.000
08/08/19 09:00:00,21.223,97.867
08/08/19 10:00:00,23.641,90.198
08/08/19 11:00:00,25.647,84.147
08/08/19 12:00:00,33.001,59.918
08/08/19 13:00:00,28.617,70.743
08/08/19 14:00:00,30.545,65.051
08/08/19 15:00:00,28.518,68.401
08/08/19 16:00:00,28.990,71.803
08/08/19 17:00:00,29.414,69.561
08/08/19 18:00:00,31.230,62.808
08/08/19 19:00:00,27.505,78.604
08/08/19 20:00:00,25.598,88.428
08/08/19 21:00:00,24.219,83.040
08/08/19 22:00:00,21.557,96.957
08/08/19 23:00:00,20.484,99.104
08/09/19 00:00:00,19.722,99.649
08/09/19 01:00:00,19.341,100.000
08/09/19 02:00:00,19.151,100.000
08/09/19 03:00:00,18.961,100.000
08/09/19 04:00:00,18.889,100.000
08/09/19 05:00:00,18.818,100.000
08/09/19 06:00:00,18.723,100.000
08/09/19 07:00:00,18.580,100.000
08/09/19 08:00:00,19.246,100.000
08/09/19 09:00:00,21.318,100.000
08/09/19 10:00:00,22.896,95.554
08/09/19 11:00:00,24.267,88.088
08/09/19 12:00:00,32.407,58.403
08/09/19 13:00:00,28.394,65.456
08/09/19 14:00:00,30.748,60.168
08/09/19 15:00:00,28.122,63.908
08/09/19 16:00:00,27.949,67.087
08/09/19 17:00:00,28.345,67.612
08/09/19 18:00:00,30.672,57.194
08/09/19 19:00:00,26.012,79.511
08/09/19 20:00:00,23.833,87.627
08/09/19 21:00:00,21.604,91.309
08/09/19 22:00:00,20.007,93.805
08/09/19 23:00:00,18.937,95.903
08/10/19 00:00:00,18.176,96.174
08/10/19 01:00:00,17.629,97.224
08/10/19 02:00:00,17.130,98.251
08/10/19 03:00:00,16.796,97.569
08/10/19 04:00:00,16.368,98.685
08/10/19 05:00:00,16.082,98.096
08/10/19 06:00:00,15.629,98.382
08/10/19 07:00:00,15.270,98.336
08/10/19 08:00:00,16.201,97.564
08/10/19 09:00:00,19.460,93.055
08/10/19 10:00:00,22.226,77.203
08/10/19 11:00:00,24.267,69.201
08/10/19 12:00:00,26.695,58.607
08/10/19 13:00:00,26.793,60.578
08/10/19 14:00:00,27.949,54.203
08/10/19 15:00:00,26.475,61.331
08/10/19 16:00:00,26.109,62.318
08/10/19 17:00:00,26.646,56.004
08/10/19 18:00:00,29.040,55.468
08/10/19 19:00:00,24.798,77.643
08/10/19 20:00:00,22.561,86.196
08/10/19 21:00:00,20.507,90.419
08/10/19 22:00:00,19.032,93.504
08/10/19 23:00:00,18.033,95.353
08/11/19 00:00:00,17.415,96.623
08/11/19 01:00:00,16.892,95.784
08/11/19 02:00:00,16.249,96.831
08/11/19 03:00:00,15.796,97.686
08/11/19 04:00:00,15.342,97.845
08/11/19 05:00:00,15.127,98.805
08/11/19 06:00:00,14.840,98.803
08/11/19 07:00:00,14.649,98.751
08/11/19 08:00:00,15.700,98.605
08/11/19 09:00:00,19.246,95.301
08/11/19 10:00:00,23.328,71.780
08/11/19 11:00:00,24.677,65.914
08/11/19 12:00:00,36.227,33.379
08/11/19 13:00:00,28.742,52.722
08/11/19 14:00:00,31.204,44.070
08/11/19 15:00:00,28.816,56.731
08/11/19 16:00:00,28.642,60.714
08/11/19 17:00:00,27.382,71.504
08/11/19 18:00:00,28.444,70.471
08/11/19 19:00:00,25.914,81.445
08/11/19 20:00:00,23.930,88.092
08/11/19 21:00:00,22.250,92.656
08/11/19 22:00:00,21.008,94.485
08/11/19 23:00:00,19.888,96.125
08/12/19 00:00:00,19.508,96.916
08/12/19 01:00:00,19.270,96.932
08/12/19 02:00:00,19.175,97.532
08/12/19 03:00:00,19.008,97.903
08/12/19 04:00:00,18.794,98.157
08/12/19 05:00:00,18.699,98.649
08/12/19 06:00:00,18.628,98.733
08/12/19 07:00:00,18.533,98.604
08/12/19 08:00:00,19.532,98.666
08/12/19 09:00:00,21.008,96.918
08/12/19 10:00:00,23.040,89.150
08/12/19 11:00:00,24.460,87.606
08/12/19 12:00:00,26.109,78.838
08/12/19 13:00:00,26.182,79.980
08/12/19 14:00:00,26.134,82.749
08/12/19 15:00:00,26.304,81.929
08/12/19 16:00:00,25.939,85.089
08/12/19 17:00:00,26.134,86.119
08/12/19 18:00:00,29.615,69.264
08/12/19 19:00:00,26.329,83.191
08/12/19 20:00:00,24.315,90.827
08/12/19 21:00:00,23.088,94.158
08/12/19 22:00:00,22.609,96.172
08/12/19 23:00:00,22.034,97.029
08/13/19 00:00:00,22.250,97.719
08/13/19 01:00:00,22.250,98.297
08/13/19 02:00:00,22.274,98.067
08/13/19 03:00:00,22.561,98.485
08/13/19 04:00:00,23.424,96.810
08/13/19 05:00:00,23.328,95.131
08/13/19 06:00:00,22.513,97.735
08/13/19 07:00:00,21.604,98.963
08/13/19 08:00:00,22.345,99.894
08/13/19 09:00:00,23.617,96.114
08/13/19 10:00:00,23.088,97.782
08/13/19 11:00:00,23.521,93.351
08/13/19 12:00:00,26.158,85.674
08/13/19 13:00:00,27.186,80.219
08/13/19 14:00:00,30.900,70.557
08/13/19 15:00:00,28.766,79.796
08/13/19 16:00:00,28.990,76.413
08/13/19 17:00:00,28.023,85.102
08/13/19 18:00:00,29.015,77.566
08/13/19 19:00:00,27.358,83.901
08/13/19 20:00:00,25.793,91.322
08/13/19 21:00:00,24.098,95.005
08/13/19 22:00:00,22.800,97.151
08/13/19 23:00:00,22.011,98.076
08/14/19 00:00:00,21.318,98.573
08/14/19 01:00:00,20.698,98.980
08/14/19 02:00:00,20.246,99.429
08/14/19 03:00:00,19.888,99.643
08/14/19 04:00:00,19.603,99.668
08/14/19 05:00:00,19.270,99.835
08/14/19 06:00:00,19.222,100.000
08/14/19 07:00:00,19.389,100.000
08/14/19 08:00:00,20.150,100.000
08/14/19 09:00:00,21.867,98.772
08/14/19 10:00:00,25.550,88.444
08/14/19 11:00:00,26.500,81.542
08/14/19 12:00:00,30.192,69.397
08/14/19 13:00:00,28.941,67.138
08/14/19 14:00:00,30.824,58.765
08/14/19 15:00:00,28.941,70.773
08/14/19 16:00:00,28.444,67.356
08/14/19 17:00:00,28.891,66.489
08/14/19 18:00:00,31.357,59.035
08/14/19 19:00:00,27.112,80.925
08/14/19 20:00:00,24.677,86.571
08/14/19 21:00:00,22.393,90.470
08/14/19 22:00:00,21.366,92.436
08/14/19 23:00:00,20.603,94.222
08/15/19 00:00:00,20.103,96.050
08/15/19 01:00:00,19.508,96.550
08/15/19 02:00:00,18.818,97.151
08/15/19 03:00:00,18.200,97.842
08/15/19 04:00:00,17.558,98.392
08/15/19 05:00:00,17.272,98.623
08/15/19 06:00:00,17.034,99.480
08/15/19 07:00:00,17.058,99.487
08/15/19 08:00:00,17.701,98.636
08/15/19 09:00:00,20.126,95.001
08/15/19 10:00:00,24.460,81.902
08/15/19 11:00:00,25.065,72.699
08/15/19 12:00:00,29.840,52.264
08/15/19 13:00:00,27.014,64.367
08/15/19 14:00:00,29.640,55.395
08/15/19 15:00:00,26.671,68.375
08/15/19 16:00:00,26.475,69.002
08/15/19 17:00:00,25.987,73.319
08/15/19 18:00:00,28.642,59.217
08/15/19 19:00:00,25.258,77.795
08/15/19 20:00:00,22.848,87.121
08/15/19 21:00:00,20.865,91.181
08/15/19 22:00:00,19.627,94.079
08/15/19 23:00:00,18.866,95.675
08/16/19 00:00:00,18.200,96.649
08/16/19 01:00:00,17.724,97.327
08/16/19 02:00:00,17.177,97.672
08/16/19 03:00:00,16.868,97.949
08/16/19 04:00:00,16.344,98.167
08/16/19 05:00:00,16.129,98.211
08/16/19 06:00:00,15.819,98.536
08/16/19 07:00:00,15.748,98.975
08/16/19 08:00:00,16.463,98.071
08/16/19 09:00:00,19.793,94.439
08/16/19 10:00:00,25.040,78.905
08/16/19 11:00:00,25.404,74.559
08/16/19 12:00:00,32.098,51.503
08/16/19 13:00:00,29.015,57.391
08/16/19 14:00:00,31.433,50.379
08/16/19 15:00:00,29.215,58.301
08/16/19 16:00:00,28.717,60.788
08/16/19 17:00:00,29.389,59.801
08/16/19 18:00:00,30.016,59.020
08/16/19 19:00:00,26.940,73.649
08/16/19 20:00:00,24.750,86.168
08/16/19 21:00:00,22.753,89.246
08/16/19 22:00:00,21.437,92.534
08/16/19 23:00:00,20.650,94.393
08/17/19 00:00:00,20.007,96.288
08/17/19 01:00:00,19.651,97.189
08/17/19 02:00:00,19.365,97.895
08/17/19 03:00:00,19.175,98.648
08/17/19 04:00:00,18.913,98.655
08/17/19 05:00:00,18.652,98.326
08/17/19 06:00:00,18.343,99.428
08/17/19 07:00:00,18.224,99.601
08/17/19 08:00:00,19.222,99.126
08/17/19 09:00:00,21.103,98.750
08/17/19 10:00:00,23.881,91.868
08/17/19 11:00:00,26.353,79.640
08/17/19 12:00:00,33.001,55.621
08/17/19 13:00:00,30.646,63.862
08/17/19 14:00:00,30.495,62.472
08/17/19 15:00:00,25.186,84.976
08/17/19 16:00:00,27.628,77.929
08/17/19 17:00:00,29.065,73.522
08/17/19 18:00:00,30.419,67.548
08/17/19 19:00:00,27.949,76.588
08/17/19 20:00:00,25.793,88.946
08/17/19 21:00:00,23.905,93.447
08/17/19 22:00:00,22.753,95.890
08/17/19 23:00:00,22.034,97.319
08/18/19 00:00:00,21.557,97.693
08/18/19 01:00:00,21.700,98.675
08/18/19 02:00:00,21.485,98.670
08/18/19 03:00:00,21.604,99.485
08/18/19 04:00:00,21.461,99.290
08/18/19 05:00:00,21.485,99.609
08/18/19 06:00:00,20.793,99.681
08/18/19 07:00:00,20.317,99.241
08/18/19 08:00:00,21.127,99.824
08/18/19 09:00:00,23.665,97.138
08/18/19 10:00:00,26.451,89.462
08/18/19 11:00:00,28.518,76.496
08/18/19 12:00:00,31.306,67.856
08/18/19 13:00:00,30.394,70.979
08/18/19 14:00:00,33.495,60.310
08/18/19 15:00:00,30.722,70.161
08/18/19 16:00:00,31.663,60.059
08/18/19 17:00:00,32.381,57.669
08/18/19 18:00:00,32.253,55.674
08/18/19 19:00:00,28.171,75.484
08/18/19 20:00:00,26.622,82.427
08/18/19 21:00:00,25.234,88.232
08/18/19 22:00:00,24.243,79.887
08/18/19 23:00:00,22.274,88.199
08/19/19 00:00:00,21.628,91.531
08/19/19 01:00:00,21.485,92.439
08/19/19 02:00:00,21.318,94.084
08/19/19 03:00:00,21.127,95.153
08/19/19 04:00:00,20.627,99.766
08/19/19 05:00:00,20.150,99.817
08/19/19 06:00:00,19.627,100.000
08/19/19 07:00:00,19.413,100.000
08/19/19 08:00:00,19.960,100.000
08/19/19 09:00:00,21.891,100.000
08/19/19 10:00:00,24.750,94.767
08/19/19 11:00:00,26.036,88.975
08/19/19 12:00:00,31.765,69.008
08/19/19 13:00:00,30.849,71.878
08/19/19 14:00:00,32.175,67.547
08/19/19 15:00:00,31.433,63.775
08/19/19 16:00:00,31.919,65.529
08/19/19 17:00:00,31.637,69.138
08/19/19 18:00:00,28.816,85.336
08/19/19 19:00:00,28.122,89.439
08/19/19 20:00:00,26.549,93.344
08/19/19 21:00:00,25.258,95.220
08/19/19 22:00:00,24.122,96.991
08/19/19 23:00:00,23.472,97.830
08/20/19 00:00:00,22.920,98.449
08/20/19 01:00:00,22.465,98.959
08/20/19 02:00:00,22.250,99.555
08/20/19 03:00:00,21.915,99.386
08/20/19 04:00:00,21.533,100.000
08/20/19 05:00:00,21.151,99.675
08/20/19 06:00:00,21.032,100.000
08/20/19 07:00:00,20.865,100.000
08/20/19 08:00:00,21.294,100.000
08/20/19 09:00:00,23.905,96.615
08/20/19 10:00:00,28.295,86.468
08/20/19 11:00:00,30.167,77.031
08/20/19 12:00:00,32.407,66.076
08/20/19 13:00:00,32.330,68.373
08/20/19 14:00:00,31.535,59.315
08/20/19 15:00:00,29.815,68.084
08/20/19 16:00:00,26.818,70.024
08/20/19 17:00:00,20.650,99.979
08/20/19 18:00:00,20.746,100.000
08/20/19 19:00:00,21.819,100.000
08/20/19 20:00:00,21.390,100.000
08/20/19 21:00:00,20.555,100.000
08/20/19 22:00:00,20.031,100.000
08/20/19 23:00:00,19.770,100.000
08/21/19 00:00:00,19.888,100.000
08/21/19 01:00:00,19.555,100.000
08/21/19 02:00:00,19.318,100.000
08/21/19 03:00:00,19.413,100.000
08/21/19 04:00:00,19.222,100.000
08/21/19 05:00:00,19.103,100.000
08/21/19 06:00:00,19.056,100.000
08/21/19 07:00:00,19.032,100.000
08/21/19 08:00:00,19.365,100.000
08/21/19 09:00:00,20.793,100.000
08/21/19 10:00:00,22.369,100.000
08/21/19 11:00:00,23.761,100.000
08/21/19 12:00:00,26.182,90.810
08/21/19 13:00:00,26.500,89.029
08/21/19 14:00:00,28.667,79.076
08/21/19 15:00:00,27.899,81.640
08/21/19 16:00:00,29.140,76.590
08/21/19 17:00:00,29.490,75.328
08/21/19 18:00:00,28.543,83.102
08/21/19 19:00:00,26.695,90.159
08/21/19 20:00:00,24.968,95.200
08/21/19 21:00:00,23.232,97.714
08/21/19 22:00:00,22.082,99.144
08/21/19 23:00:00,21.461,100.000
08/22/19 00:00:00,21.127,100.000
08/22/19 01:00:00,20.865,100.000
08/22/19 02:00:00,20.841,100.000
08/22/19 03:00:00,20.817,100.000
08/22/19 04:00:00,21.032,100.000
08/22/19 05:00:00,20.269,100.000
08/22/19 06:00:00,19.936,100.000
08/22/19 07:00:00,19.770,100.000
08/22/19 08:00:00,19.841,100.000
08/22/19 09:00:00,20.507,100.000
08/22/19 10:00:00,21.342,100.000
08/22/19 11:00:00,21.987,100.000
08/22/19 12:00:00,22.896,100.000
08/22/19 13:00:00,24.581,100.000
08/22/19 14:00:00,23.424,100.000
08/22/19 15:00:00,24.363,100.000
08/22/19 16:00:00,25.137,95.377
08/22/19 17:00:00,24.968,93.875
08/22/19 18:00:00,25.355,91.298
08/22/19 19:00:00,24.171,96.310
08/22/19 20:00:00,23.136,99.217
08/22/19 21:00:00,22.417,100.000
08/22/19 22:00:00,21.963,100.000
08/22/19 23:00:00,21.891,100.000
08/23/19 00:00:00,21.843,100.000
08/23/19 01:00:00,21.795,100.000
08/23/19 02:00:00,21.700,100.000
08/23/19 03:00:00,21.437,100.000
08/23/19 04:00:00,21.103,100.000
08/23/19 05:00:00,20.484,100.000
08/23/19 06:00:00,19.365,100.000
08/23/19 07:00:00,18.747,100.000
08/23/19 08:00:00,18.557,100.000
08/23/19 09:00:00,19.032,100.000
08/23/19 10:00:00,20.103,100.000
08/23/19 11:00:00,20.174,100.000
08/23/19 12:00:00,20.817,100.000
08/23/19 13:00:00,21.175,100.000
08/23/19 14:00:00,22.753,98.484
08/23/19 15:00:00,22.657,91.947
08/23/19 16:00:00,22.250,91.521
08/23/19 17:00:00,22.657,81.201
08/23/19 18:00:00,21.509,85.095
08/23/19 19:00:00,20.936,89.085
08/23/19 20:00:00,19.698,95.049
08/23/19 21:00:00,17.772,98.347
08/23/19 22:00:00,16.701,100.000
08/23/19 23:00:00,16.153,100.000
08/24/19 00:00:00,15.843,100.000
08/24/19 01:00:00,15.270,100.000
08/24/19 02:00:00,14.673,100.000
08/24/19 03:00:00,14.266,100.000
08/24/19 04:00:00,14.026,100.000
08/24/19 05:00:00,13.666,100.000
08/24/19 06:00:00,13.161,100.000
08/24/19 07:00:00,12.944,100.000
08/24/19 08:00:00,13.978,100.000
08/24/19 09:00:00,17.011,95.712
08/24/19 10:00:00,19.532,83.900
08/24/19 11:00:00,22.369,73.791
08/24/19 12:00:00,27.235,56.184
08/24/19 13:00:00,24.122,64.671
08/24/19 14:00:00,25.016,61.159
08/24/19 15:00:00,24.074,61.682
08/24/19 16:00:00,24.605,59.987
08/24/19 17:00:00,24.605,61.645
08/24/19 18:00:00,22.753,67.796
08/24/19 19:00:00,21.270,71.069
08/24/19 20:00:00,19.888,84.367
08/24/19 21:00:00,17.701,91.842
08/24/19 22:00:00,16.368,95.906
08/24/19 23:00:00,15.843,97.980
08/25/19 00:00:00,15.461,97.851
08/25/19 01:00:00,15.127,98.449
08/25/19 02:00:00,15.390,97.551
08/25/19 03:00:00,14.433,99.375
08/25/19 04:00:00,14.026,99.716
08/25/19 05:00:00,14.050,100.000
08/25/19 06:00:00,14.074,100.000
08/25/19 07:00:00,14.266,99.379
08/25/19 08:00:00,14.792,96.776
08/25/19 09:00:00,17.034,91.702
08/25/19 10:00:00,20.174,81.955
08/25/19 11:00:00,23.881,71.767
08/25/19 12:00:00,27.801,56.204
08/25/19 13:00:00,25.817,65.474
08/25/19 14:00:00,26.769,61.810
08/25/19 15:00:00,25.744,66.068
08/25/19 16:00:00,26.012,69.158
08/25/19 17:00:00,26.891,62.906
08/25/19 18:00:00,24.726,76.730
08/25/19 19:00:00,23.641,82.998
08/25/19 20:00:00,22.513,85.212
08/25/19 21:00:00,21.342,90.812
08/25/19 22:00:00,21.342,92.430
08/25/19 23:00:00,21.294,89.007
08/26/19 00:00:00,20.746,91.906
08/26/19 01:00:00,19.508,99.539
08/26/19 02:00:00,19.246,100.000
08/26/19 03:00:00,19.246,100.000
08/26/19 04:00:00,19.389,100.000
08/26/19 05:00:00,19.817,100.000
08/26/19 06:00:00,20.126,100.000
08/26/19 07:00:00,20.412,100.000
08/26/19 08:00:00,20.627,100.000
08/26/19 09:00:00,20.698,100.000
08/26/19 10:00:00,20.889,100.000
08/26/19 11:00:00,21.079,100.000
08/26/19 12:00:00,21.246,100.000
08/26/19 13:00:00,21.199,100.000
08/26/19 14:00:00,21.390,100.000
08/26/19 15:00:00,21.032,100.000
08/26/19 16:00:00,20.984,100.000
08/26/19 17:00:00,20.841,100.000
08/26/19 18:00:00,20.746,100.000
08/26/19 19:00:00,20.817,100.000
08/26/19 20:00:00,20.674,100.000
08/26/19 21:00:00,20.555,100.000
08/26/19 22:00:00,20.507,100.000
08/26/19 23:00:00,20.531,100.000
08/27/19 00:00:00,20.507,100.000
08/27/19 01:00:00,20.484,100.000
08/27/19 02:00:00,20.460,100.000
08/27/19 03:00:00,20.460,100.000
08/27/19 04:00:00,20.484,100.000
08/27/19 05:00:00,20.507,100.000
08/27/19 06:00:00,20.579,100.000
08/27/19 07:00:00,20.674,100.000
08/27/19 08:00:00,20.793,100.000
08/27/19 09:00:00,21.318,100.000
08/27/19 10:00:00,21.963,100.000
08/27/19 11:00:00,22.609,100.000
08/27/19 12:00:00,22.729,100.000
08/27/19 13:00:00,23.881,100.000
08/27/19 14:00:00,24.436,100.000
08/27/19 15:00:00,23.737,100.000
08/27/19 16:00:00,23.472,100.000
08/27/19 17:00:00,23.665,100.000
08/27/19 18:00:00,23.881,100.000
08/27/19 19:00:00,23.472,100.000
08/27/19 20:00:00,22.226,100.000
08/27/19 21:00:00,20.936,100.000
08/27/19 22:00:00,20.079,100.000
08/27/19 23:00:00,19.413,100.000
08/28/19 00:00:00,18.842,100.000
08/28/19 01:00:00,18.438,100.000
08/28/19 02:00:00,17.962,100.000
08/28/19 03:00:00,17.558,100.000
08/28/19 04:00:00,17.034,100.000
08/28/19 05:00:00,16.439,100.000
08/28/19 06:00:00,15.843,100.000
08/28/19 07:00:00,15.079,100.000
08/28/19 08:00:00,15.605,100.000
08/28/19 09:00:00,18.319,100.000
08/28/19 10:00:00,20.460,100.000
08/28/19 11:00:00,23.280,87.774
08/28/19 12:00:00,25.914,71.052
08/28/19 13:00:00,24.002,64.620
08/28/19 14:00:00,25.186,60.509
08/28/19 15:00:00,23.497,60.947
08/28/19 16:00:00,23.809,62.310
08/28/19 17:00:00,25.186,60.078
08/28/19 18:00:00,23.016,72.485
08/28/19 19:00:00,21.557,84.328
08/28/19 20:00:00,19.579,89.842
08/28/19 21:00:00,17.486,95.315
08/28/19 22:00:00,16.225,97.878
08/28/19 23:00:00,15.366,97.851
08/29/19 00:00:00,14.745,98.954
08/29/19 01:00:00,14.218,99.164
08/29/19 02:00:00,13.738,99.837
08/29/19 03:00:00,13.353,100.000
08/29/19 04:00:00,13.064,100.000
08/29/19 05:00:00,12.678,100.000
08/29/19 06:00:00,12.437,100.000
08/29/19 07:00:00,12.292,100.000
08/29/19 08:00:00,12.871,100.000
08/29/19 09:00:00,15.414,100.000
08/29/19 10:00:00,19.888,89.051
08/29/19 11:00:00,24.291,70.365
08/29/19 12:00:00,26.622,62.647
08/29/19 13:00:00,25.987,67.289
08/29/19 14:00:00,26.769,65.272
08/29/19 15:00:00,25.089,70.393
08/29/19 16:00:00,25.477,66.536
08/29/19 17:00:00,26.622,67.250
08/29/19 18:00:00,25.380,76.716
08/29/19 19:00:00,23.737,86.076
08/29/19 20:00:00,21.843,90.690
08/29/19 21:00:00,19.960,95.539
08/29/19 22:00:00,19.151,98.097
08/29/19 23:00:00,18.461,98.094
08/30/19 00:00:00,18.438,98.165
08/30/19 01:00:00,18.247,98.269
08/30/19 02:00:00,18.033,99.010
08/30/19 03:00:00,17.701,99.253
08/30/19 04:00:00,17.463,99.904
08/30/19 05:00:00,17.391,100.000
08/30/19 06:00:00,17.368,99.776
08/30/19 07:00:00,17.130,100.000
08/30/19 08:00:00,17.629,100.000
08/30/19 09:00:00,20.222,94.337
08/30/19 10:00:00,22.681,83.937
08/30/19 11:00:00,27.136,73.272
08/30/19 12:00:00,28.444,71.132
08/30/19 13:00:00,27.801,69.391
08/30/19 14:00:00,29.290,70.505
08/30/19 15:00:00,27.899,79.557
08/30/19 16:00:00,27.751,79.439
08/30/19 17:00:00,28.295,76.775
08/30/19 18:00:00,27.063,87.259
08/30/19 19:00:00,26.182,91.609
08/30/19 20:00:00,24.508,95.110
08/30/19 21:00:00,23.376,98.122
08/30/19 22:00:00,22.800,98.628
08/30/19 23:00:00,21.748,99.132
08/31/19 00:00:00,21.175,98.952
08/31/19 01:00:00,20.650,98.107
08/31/19 02:00:00,20.555,98.108
08/31/19 03:00:00,20.317,97.208
08/31/19 04:00:00,20.055,96.116
08/31/19 05:00:00,19.865,96.093
08/31/19 06:00:00,19.603,93.064
08/31/19 07:00:00,19.270,93.988
08/31/19 08:00:00,19.103,93.257
08/31/19 09:00:00,19.318,93.470
08/31/19 10:00:00,20.936,88.376
08/31/19 11:00:00,22.585,85.618
08/31/19 12:00:00,22.633,84.318
08/31/19 13:00:00,22.633,84.207
08/31/19 14:00:00,23.304,86.533
08/31/19 15:00:00,21.795,91.653
08/31/19 16:00:00,21.652,91.861
08/31/19 17:00:00,21.533,91.669
08/31/19 18:00:00,21.676,92.298
08/31/19 19:00:00,21.413,93.975
08/31/19 20:00:00,21.103,95.306
08/31/19 21:00:00,20.412,96.761
08/31/19 22:00:00,20.031,97.185
08/31/19 23:00:00,19.746,96.586
09/01/19 00:00:00,19.413,96.969
09/01/19 01:00:00,19.508,94.102
09/01/19 02:00:00,19.222,94.399
09/01/19 03:00:00,18.628,95.822
09/01/19 04:00:00,18.224,97.331
09/01/19 05:00:00,18.129,98.392
09/01/19 06:00:00,18.129,98.340
09/01/19 07:00:00,18.010,97.998
09/01/19 08:00:00,17.891,99.279
09/01/19 09:00:00,19.389,96.231
09/01/19 10:00:00,21.581,92.274
09/01/19 11:00:00,24.968,85.770
09/01/19 12:00:00,27.112,81.443
09/01/19 13:00:00,28.369,76.731
09/01/19 14:00:00,29.941,68.593
09/01/19 15:00:00,27.677,79.192
09/01/19 16:00:00,27.579,81.514
09/01/19 17:00:00,28.023,74.746
09/01/19 18:00:00,27.014,80.991
09/01/19 19:00:00,25.768,90.324
09/01/19 20:00:00,23.689,95.196
09/01/19 21:00:00,22.274,97.857
09/01/19 22:00:00,21.795,98.988
09/01/19 23:00:00,21.223,100.000
09/02/19 00:00:00,21.318,100.000
09/02/19 01:00:00,21.079,100.000
09/02/19 02:00:00,20.460,100.000
09/02/19 03:00:00,20.341,100.000
09/02/19 04:00:00,20.126,100.000
09/02/19 05:00:00,19.746,100.000
09/02/19 06:00:00,19.603,100.000
09/02/19 07:00:00,18.985,100.000
09/02/19 08:00:00,19.246,100.000
09/02/19 09:00:00,20.674,100.000
09/02/19 10:00:00,22.226,100.000
09/02/19 11:00:00,23.689,95.169
09/02/19 12:00:00,23.737,93.026
09/02/19 13:00:00,24.726,89.496
09/02/19 14:00:00,24.798,87.518
09/02/19 15:00:00,25.623,81.897
09/02/19 16:00:00,24.919,83.788
09/02/19 17:00:00,25.939,79.265
09/02/19 18:00:00,24.171,91.257
09/02/19 19:00:00,23.569,94.145
09/02/19 20:00:00,21.939,96.951
09/02/19 21:00:00,20.436,98.598
09/02/19 22:00:00,19.579,99.558
09/02/19 23:00:00,18.889,100.000
09/03/19 00:00:00,18.438,100.000
09/03/19 01:00:00,17.986,100.000
09/03/19 02:00:00,17.296,100.000
09/03/19 03:00:00,16.987,100.000
09/03/19 04:00:00,16.701,100.000
09/03/19 05:00:00,16.439,100.000
09/03/19 06:00:00,16.082,100.000
09/03/19 07:00:00,16.034,100.000
09/03/19 08:00:00,16.630,100.000
09/03/19 09:00:00,19.413,100.000
09/03/19 10:00:00,22.800,93.655
09/03/19 11:00:00,25.841,85.771
09/03/19 12:00:00,27.481,76.407
09/03/19 13:00:00,27.554,74.566
09/03/19 14:00:00,28.543,72.945
09/03/19 15:00:00,26.891,80.619
09/03/19 16:00:00,27.014,78.037
09/03/19 17:00:00,28.147,72.632
09/03/19 18:00:00,26.769,79.496
09/03/19 19:00:00,25.331,90.825
09/03/19 20:00:00,23.545,95.240
09/03/19 21:00:00,22.130,97.476
09/03/19 22:00:00,21.199,98.854
09/03/19 23:00:00,20.484,99.364
09/04/19 00:00:00,20.007,100.000
09/04/19 01:00:00,20.031,100.000
09/04/19 02:00:00,20.269,100.000
09/04/19 03:00:00,20.293,100.000
09/04/19 04:00:00,20.484,100.000
09/04/19 05:00:00,20.341,100.000
09/04/19 06:00:00,20.460,100.000
09/04/19 07:00:00,20.055,100.000
09/04/19 08:00:00,20.126,100.000
09/04/19 09:00:00,22.441,98.532
09/04/19 10:00:00,24.339,90.942
09/04/19 11:00:00,27.063,75.384
09/04/19 12:00:00,27.161,66.343
09/04/19 13:00:00,27.653,64.872
09/04/19 14:00:00,27.751,65.927
09/04/19 15:00:00,26.036,70.448
09/04/19 16:00:00,25.939,63.882
09/04/19 17:00:00,26.182,69.997
09/04/19 18:00:00,24.823,77.097
09/04/19 19:00:00,23.016,88.099
09/04/19 20:00:00,21.127,92.752
09/04/19 21:00:00,19.555,95.486
09/04/19 22:00:00,18.652,97.107
09/04/19 23:00:00,17.962,97.985
09/05/19 00:00:00,17.272,98.469
09/05/19 01:00:00,16.749,98.840
09/05/19 02:00:00,16.058,99.416
09/05/19 03:00:00,16.034,100.000
09/05/19 04:00:00,16.106,100.000
09/05/19 05:00:00,15.700,99.876
09/05/19 06:00:00,15.318,100.000
09/05/19 07:00:00,14.768,100.000
09/05/19 08:00:00,15.270,100.000
09/05/19 09:00:00,18.010,95.556
09/05/19 10:00:00,20.507,85.034
09/05/19 11:00:00,23.521,74.599
09/05/19 12:00:00,23.376,69.544
09/05/19 13:00:00,24.823,65.365
09/05/19 14:00:00,25.040,62.726
09/05/19 15:00:00,23.448,71.980
09/05/19 16:00:00,23.232,69.814
09/05/19 17:00:00,24.002,70.015
09/05/19 18:00:00,23.304,78.028
09/05/19 19:00:00,21.557,88.523
09/05/19 20:00:00,19.746,93.844
09/05/19 21:00:00,18.033,95.902
09/05/19 22:00:00,16.820,98.090
09/05/19 23:00:00,16.010,98.434
09/06/19 00:00:00,15.438,98.890
09/06/19 01:00:00,15.079,99.451
09/06/19 02:00:00,14.625,99.478
09/06/19 03:00:00,13.930,98.427
09/06/19 04:00:00,13.473,98.908
09/06/19 05:00:00,13.353,100.000
09/06/19 06:00:00,13.161,100.000
09/06/19 07:00:00,12.968,100.000
09/06/19 08:00:00,13.473,100.000
09/06/19 09:00:00,16.582,97.769
09/06/19 10:00:00,20.174,86.005
09/06/19 11:00:00,24.002,74.694
09/06/19 12:00:00,23.954,74.655
09/06/19 13:00:00,24.243,73.072
09/06/19 14:00:00,25.817,71.984
09/06/19 15:00:00,26.231,75.894
09/06/19 16:00:00,25.647,83.609
09/06/19 17:00:00,24.871,87.284
09/06/19 18:00:00,24.968,87.502
09/06/19 19:00:00,23.424,92.461
09/06/19 20:00:00,21.843,95.815
09/06/19 21:00:00,20.841,96.953
09/06/19 22:00:00,19.698,97.410
09/06/19 23:00:00,18.937,98.765
09/07/19 00:00:00,18.390,99.749
09/07/19 01:00:00,17.653,98.469
09/07/19 02:00:00,16.558,99.248
09/07/19 03:00:00,15.963,100.000
09/07/19 04:00:00,15.485,100.000
09/07/19 05:00:00,15.986,100.000
09/07/19 06:00:00,16.606,100.000
09/07/19 07:00:00,16.796,100.000
09/07/19 08:00:00,17.082,100.000
09/07/19 09:00:00,17.463,100.000
09/07/19 10:00:00,17.915,98.952
09/07/19 11:00:00,18.414,98.417
09/07/19 12:00:00,19.793,91.857
09/07/19 13:00:00,20.913,86.671
09/07/19 14:00:00,21.294,84.602
09/07/19 15:00:00,21.843,83.778
09/07/19 16:00:00,22.561,78.677
09/07/19 17:00:00,23.881,74.349
09/07/19 18:00:00,22.729,79.796
09/07/19 19:00:00,20.770,90.645
09/07/19 20:00:00,18.961,94.859
09/07/19 21:00:00,17.249,96.838
09/07/19 22:00:00,16.272,97.865
09/07/19 23:00:00,15.533,98.865
09/08/19 00:00:00,14.984,99.678
09/08/19 01:00:00,14.385,99.058
09/08/19 02:00:00,14.218,99.618
09/08/19 03:00:00,13.834,99.511
09/08/19 04:00:00,13.522,99.827
09/08/19 05:00:00,12.992,99.830
09/08/19 06:00:00,12.920,100.000
09/08/19 07:00:00,12.823,100.000
09/08/19 08:00:00,13.425,100.000
09/08/19 09:00:00,16.415,97.467
09/08/19 10:00:00,19.770,90.724
09/08/19 11:00:00,24.026,73.997
09/08/19 12:00:00,23.978,69.475
09/08/19 13:00:00,24.992,69.869
09/08/19 14:00:00,22.944,81.800
09/08/19 15:00:00,23.809,74.510
09/08/19 16:00:00,22.848,83.048
09/08/19 17:00:00,23.160,82.666
09/08/19 18:00:00,22.776,87.270
09/08/19 19:00:00,21.652,91.591
09/08/19 20:00:00,20.055,95.379
09/08/19 21:00:00,18.842,97.962
09/08/19 22:00:00,18.628,99.145
09/08/19 23:00:00,17.986,99.177
09/09/19 00:00:00,17.272,100.000
09/09/19 01:00:00,16.701,99.185
09/09/19 02:00:00,16.058,99.111
09/09/19 03:00:00,16.129,100.000
09/09/19 04:00:00,15.963,100.000
09/09/19 05:00:00,16.177,100.000
09/09/19 06:00:00,16.058,100.000
09/09/19 07:00:00,15.700,100.000
09/09/19 08:00:00,15.796,100.000
09/09/19 09:00:00,19.222,95.531
09/09/19 10:00:00,21.795,87.014
09/09/19 11:00:00,26.989,66.587
09/09/19 12:00:00,25.695,70.356
09/09/19 13:00:00,27.653,61.983
09/09/19 14:00:00,27.038,67.776
09/09/19 15:00:00,26.426,76.050
09/09/19 16:00:00,26.573,73.105
09/09/19 17:00:00,26.695,77.361
09/09/19 18:00:00,26.500,82.943
09/09/19 19:00:00,24.339,91.216
09/09/19 20:00:00,22.585,95.634
09/09/19 21:00:00,21.056,96.772
09/09/19 22:00:00,20.079,98.917
09/09/19 23:00:00,19.199,98.576
09/10/19 00:00:00,18.771,98.306
09/10/19 01:00:00,18.176,98.817
09/10/19 02:00:00,17.724,99.208
09/10/19 03:00:00,17.368,99.980
09/10/19 04:00:00,16.963,98.591
09/10/19 05:00:00,16.701,99.898
09/10/19 06:00:00,16.725,99.981
09/10/19 07:00:00,16.415,99.870
09/10/19 08:00:00,16.725,100.000
09/10/19 09:00:00,19.698,96.678
09/10/19 10:00:00,22.992,93.003
09/10/19 11:00:00,29.015,70.153
09/10/19 12:00:00,28.245,77.088
09/10/19 13:00:00,30.192,66.560
09/10/19 14:00:00,29.615,71.649
09/10/19 15:00:00,28.965,78.670
09/10/19 16:00:00,29.389,77.200
09/10/19 17:00:00,29.290,79.438
09/10/19 18:00:00,28.891,86.348
09/10/19 19:00:00,26.573,90.932
09/10/19 20:00:00,24.484,94.942
09/10/19 21:00:00,22.944,97.559
09/10/19 22:00:00,22.130,98.187
09/10/19 23:00:00,21.246,98.135
09/11/19 00:00:00,20.746,99.409
09/11/19 01:00:00,20.222,99.682
09/11/19 02:00:00,20.031,100.000
09/11/19 03:00:00,19.841,100.000
09/11/19 04:00:00,20.269,100.000
09/11/19 05:00:00,20.650,100.000
09/11/19 06:00:00,20.579,100.000
09/11/19 07:00:00,20.246,100.000
09/11/19 08:00:00,20.436,100.000
09/11/19 09:00:00,21.175,100.000
09/11/19 10:00:00,23.064,97.722
09/11/19 11:00:00,25.404,90.623
09/11/19 12:00:00,27.949,80.380
09/11/19 13:00:00,29.840,69.728
09/11/19 14:00:00,29.265,71.974
09/11/19 15:00:00,28.593,76.334
09/11/19 16:00:00,29.265,75.107
09/11/19 17:00:00,29.090,72.720
09/11/19 18:00:00,28.419,82.414
09/11/19 19:00:00,26.329,92.002
09/11/19 20:00:00,24.436,95.252
09/11/19 21:00:00,22.920,97.155
09/11/19 22:00:00,22.058,98.352
09/11/19 23:00:00,21.270,99.082
09/12/19 00:00:00,20.889,99.603
09/12/19 01:00:00,20.579,99.830
09/12/19 02:00:00,20.365,100.000
09/12/19 03:00:00,20.126,100.000
09/12/19 04:00:00,19.651,100.000
09/12/19 05:00:00,19.460,100.000
09/12/19 06:00:00,19.413,100.000
09/12/19 07:00:00,19.175,100.000
09/12/19 08:00:00,19.436,100.000
09/12/19 09:00:00,22.298,95.773
09/12/19 10:00:00,25.258,93.324
09/12/19 11:00:00,30.748,67.422
09/12/19 12:00:00,29.165,78.564
09/12/19 13:00:00,29.439,75.645
09/12/19 14:00:00,29.890,69.647
09/12/19 15:00:00,29.690,74.446
09/12/19 16:00:00,28.965,82.589
09/12/19 17:00:00,28.692,80.420
09/12/19 18:00:00,27.825,86.673
09/12/19 19:00:00,26.207,91.780
09/12/19 20:00:00,24.726,95.380
09/12/19 21:00:00,23.954,97.054
09/12/19 22:00:00,22.992,98.442
09/12/19 23:00:00,22.250,99.137
09/13/19 00:00:00,21.628,99.179
09/13/19 01:00:00,21.175,99.837
09/13/19 02:00:00,20.627,99.169
09/13/19 03:00:00,20.341,99.740
09/13/19 04:00:00,20.055,100.000
09/13/19 05:00:00,19.698,100.000
09/13/19 06:00:00,19.413,100.000
09/13/19 07:00:00,19.460,100.000
09/13/19 08:00:00,19.627,100.000
09/13/19 09:00:00,22.345,97.849
09/13/19 10:00:00,25.355,94.569
09/13/19 11:00:00,30.950,69.716
09/13/19 12:00:00,29.290,74.071
09/13/19 13:00:00,30.900,69.798
09/13/19 14:00:00,30.243,71.042
09/13/19 15:00:00,30.243,68.525
09/13/19 16:00:00,30.293,63.184
09/13/19 17:00:00,30.091,66.082
09/13/19 18:00:00,29.090,70.137
09/13/19 19:00:00,26.965,86.730
09/13/19 20:00:00,25.065,92.704
09/13/19 21:00:00,23.881,95.165
09/13/19 22:00:00,23.376,95.571
09/13/19 23:00:00,22.058,95.126
09/14/19 00:00:00,20.817,94.170
09/14/19 01:00:00,20.150,94.663
09/14/19 02:00:00,19.413,96.342
09/14/19 03:00:00,19.080,96.019
09/14/19 04:00:00,19.032,96.032
09/14/19 05:00:00,18.652,96.142
09/14/19 06:00:00,17.629,97.896
09/14/19 07:00:00,16.749,97.865
09/14/19 08:00:00,16.368,98.122
09/14/19 09:00:00,18.200,94.715
09/14/19 10:00:00,21.604,82.466
09/14/19 11:00:00,22.657,72.709
09/14/19 12:00:00,24.002,65.225
09/14/19 13:00:00,24.557,63.530
09/14/19 14:00:00,23.954,64.551
09/14/19 15:00:00,24.219,62.499
09/14/19 16:00:00,24.412,65.959
09/14/19 17:00:00,24.243,70.474
09/14/19 18:00:00,23.617,77.459
09/14/19 19:00:00,21.748,86.147
09/14/19 20:00:00,19.984,92.573
09/14/19 21:00:00,18.414,95.557
09/14/19 22:00:00,17.486,96.746
09/14/19 23:00:00,16.868,97.769
09/15/19 00:00:00,16.082,98.045
09/15/19 01:00:00,15.819,98.204
09/15/19 02:00:00,15.247,98.584
09/15/19 03:00:00,14.888,98.918
09/15/19 04:00:00,14.457,98.723
09/15/19 05:00:00,14.290,99.688
09/15/19 06:00:00,14.170,99.302
09/15/19 07:00:00,13.930,99.059
09/15/19 08:00:00,14.026,99.111
09/15/19 09:00:00,16.796,96.847
09/15/19 10:00:00,20.293,94.143
09/15/19 11:00:00,23.881,69.250
09/15/19 12:00:00,25.355,60.844
09/15/19 13:00:00,28.097,53.048
09/15/19 14:00:00,27.014,61.479
09/15/19 15:00:00,26.769,65.941
09/15/19 16:00:00,27.014,63.540
09/15/19 17:00:00,25.841,67.203
09/15/19 18:00:00,25.890,75.651
09/15/19 19:00:00,23.665,85.753
09/15/19 20:00:00,21.676,92.271
09/15/19 21:00:00,20.484,94.722
09/15/19 22:00:00,19.555,96.850
09/15/19 23:00:00,19.080,97.350
09/16/19 00:00:00,18.747,97.859
09/16/19 01:00:00,18.675,97.918
09/16/19 02:00:00,18.652,97.678
09/16/19 03:00:00,18.485,97.244
09/16/19 04:00:00,17.677,97.547
09/16/19 05:00:00,17.344,97.871
09/16/19 06:00:00,17.986,98.198
09/16/19 07:00:00,17.843,98.366
09/16/19 08:00:00,17.938,100.000
09/16/19 09:00:00,19.484,100.000
09/16/19 10:00:00,21.939,100.000
09/16/19 11:00:00,25.283,89.601
09/16/19 12:00:00,26.109,87.850
09/16/19 13:00:00,28.891,73.905
09/16/19 14:00:00,28.717,72.261
09/16/19 15:00:00,29.165,72.195
09/16/19 16:00:00,28.593,72.208
09/16/19 17:00:00,27.604,81.462
09/16/19 18:00:00,27.481,80.715
09/16/19 19:00:00,25.234,91.214
09/16/19 20:00:00,23.280,94.690
09/16/19 21:00:00,21.795,97.283
09/16/19 22:00:00,20.793,97.858
09/16/19 23:00:00,20.222,99.112
09/17/19 00:00:00,19.651,99.268
09/17/19 01:00:00,19.365,99.474
09/17/19 02:00:00,19.151,100.000
09/17/19 03:00:00,18.866,99.930
09/17/19 04:00:00,18.271,98.688
09/17/19 05:00:00,18.081,100.000
09/17/19 06:00:00,17.629,98.720
09/17/19 07:00:00,17.106,100.000
09/17/19 08:00:00,17.653,100.000
09/17/19 09:00:00,20.674,94.691
09/17/19 10:00:00,22.393,88.145
09/17/19 11:00:00,26.231,70.126
09/17/19 12:00:00,25.623,69.596
09/17/19 13:00:00,28.742,59.826
09/17/19 14:00:00,27.801,59.774
09/17/19 15:00:00,26.818,64.181
09/17/19 16:00:00,26.695,64.039
09/17/19 17:00:00,25.963,71.774
09/17/19 18:00:00,25.355,73.050
09/17/19 19:00:00,23.256,86.300
09/17/19 20:00:00,20.865,91.397
09/17/19 21:00:00,19.365,94.752
09/17/19 22:00:00,18.271,95.467
09/17/19 23:00:00,17.629,96.498
09/18/19 00:00:00,17.368,97.568
09/18/19 01:00:00,16.963,98.898
09/18/19 02:00:00,16.654,98.456
09/18/19 03:00:00,16.177,98.684
09/18/19 04:00:00,16.010,99.403
09/18/19 05:00:00,15.318,97.429
09/18/19 06:00:00,15.438,100.000
09/18/19 07:00:00,15.605,100.000
09/18/19 08:00:00,15.915,100.000
09/18/19 09:00:00,18.580,97.114
09/18/19 10:00:00,21.175,89.033
09/18/19 11:00:00,25.137,70.343
09/18/19 12:00:00,25.065,69.823
09/18/19 13:00:00,28.742,55.615
09/18/19 14:00:00,28.048,55.925
09/18/19 15:00:00,27.087,61.274
09/18/19 16:00:00,27.259,56.219
09/18/19 17:00:00,26.695,65.016
09/18/19 18:00:00,26.280,67.371
09/18/19 19:00:00,23.905,77.547
09/18/19 20:00:00,21.461,87.733
09/18/19 21:00:00,19.555,91.155
09/18/19 22:00:00,18.414,91.541
09/18/19 23:00:00,17.819,94.091
09/19/19 00:00:00,17.463,94.891
09/19/19 01:00:00,17.629,93.832
09/19/19 02:00:00,17.225,93.361
09/19/19 03:00:00,16.963,92.926
09/19/19 04:00:00,16.177,92.726
09/19/19 05:00:00,15.390,92.500
09/19/19 06:00:00,15.366,93.723
09/19/19 07:00:00,14.936,94.702
09/19/19 08:00:00,14.745,96.148
09/19/19 09:00:00,17.582,91.122
09/19/19 10:00:00,21.366,81.598
09/19/19 11:00:00,25.089,70.572
09/19/19 12:00:00,25.793,71.831
09/19/19 13:00:00,28.941,63.273
09/19/19 14:00:00,28.097,63.842
09/19/19 15:00:00,26.720,69.256
09/19/19 16:00:00,27.974,63.422
09/19/19 17:00:00,27.259,74.775
09/19/19 18:00:00,27.456,75.520
09/19/19 19:00:00,24.388,87.423
09/19/19 20:00:00,22.274,92.554
09/19/19 21:00:00,20.841,95.238
09/19/19 22:00:00,19.770,96.750
09/19/19 23:00:00,19.222,97.701
09/20/19 00:00:00,19.318,97.492
09/20/19 01:00:00,18.723,96.891
09/20/19 02:00:00,18.224,97.642
09/20/19 03:00:00,17.843,98.134
09/20/19 04:00:00,17.629,99.233
09/20/19 05:00:00,17.130,97.762
09/20/19 06:00:00,16.915,98.167
09/20/19 07:00:00,16.749,99.708
09/20/19 08:00:00,17.249,100.000
09/20/19 09:00:00,19.555,100.000
09/20/19 10:00:00,22.178,94.142
09/20/19 11:00:00,24.484,82.674
09/20/19 12:00:00,26.451,76.523
09/20/19 13:00:00,28.493,68.942
09/20/19 14:00:00,27.850,70.842
09/20/19 15:00:00,27.825,70.538
09/20/19 16:00:00,27.875,72.640
09/20/19 17:00:00,27.505,74.970
09/20/19 18:00:00,27.530,74.621
09/20/19 19:00:00,25.113,89.229
09/20/19 20:00:00,23.160,93.207
09/20/19 21:00:00,22.034,95.811
09/20/19 22:00:00,21.294,97.624
09/20/19 23:00:00,20.698,97.571
09/21/19 00:00:00,19.960,97.845
09/21/19 01:00:00,19.484,97.978
09/21/19 02:00:00,19.008,98.861
09/21/19 03:00:00,18.557,99.538
09/21/19 04:00:00,18.010,98.540
09/21/19 05:00:00,17.843,98.521
09/21/19 06:00:00,17.724,99.771
09/21/19 07:00:00,17.320,99.558
09/21/19 08:00:00,17.368,100.000
09/21/19 09:00:00,19.579,99.481
09/21/19 10:00:00,22.896,89.554
09/21/19 11:00:00,26.695,71.137
09/21/19 12:00:00,27.210,64.981
09/21/19 13:00:00,30.925,56.470
09/21/19 14:00:00,28.816,54.865
09/21/19 15:00:00,28.345,61.227
09/21/19 16:00:00,28.147,61.133
09/21/19 17:00:00,28.394,54.995
09/21/19 18:00:00,28.245,61.025
09/21/19 19:00:00,24.291,82.206
09/21/19 20:00:00,21.939,88.888
09/21/19 21:00:00,20.317,92.443
09/21/19 22:00:00,19.460,94.460
09/21/19 23:00:00,18.675,95.991
09/22/19 00:00:00,18.033,95.928
09/22/19 01:00:00,17.463,97.024
09/22/19 02:00:00,16.749,97.144
09/22/19 03:00:00,16.487,97.229
09/22/19 04:00:00,16.344,97.756
09/22/19 05:00:00,16.034,98.134
09/22/19 06:00:00,15.963,98.855
09/22/19 07:00:00,15.819,98.434
09/22/19 08:00:00,15.676,99.261
09/22/19 09:00:00,18.200,97.324
09/22/19 10:00:00,21.867,82.607
09/22/19 11:00:00,25.987,65.413
09/22/19 12:00:00,27.161,58.865
09/22/19 13:00:00,31.153,45.382
09/22/19 14:00:00,29.065,50.393
09/22/19 15:00:00,28.493,48.254
09/22/19 16:00:00,28.543,51.127
09/22/19 17:00:00,28.419,52.614
09/22/19 18:00:00,28.593,50.716
09/22/19 19:00:00,24.653,72.739
09/22/19 20:00:00,21.915,83.571
09/22/19 21:00:00,20.150,87.808
09/22/19 22:00:00,19.294,90.204
09/22/19 23:00:00,19.080,91.707
09/23/19 00:00:00,20.150,89.385
09/23/19 01:00:00,21.318,83.549
09/23/19 02:00:00,22.393,77.496
09/23/19 03:00:00,20.841,94.495
09/23/19 04:00:00,20.079,99.798
09/23/19 05:00:00,20.031,100.000
09/23/19 06:00:00,20.150,100.000
09/23/19 07:00:00,20.079,100.000
09/23/19 08:00:00,20.269,100.000
09/23/19 09:00:00,20.555,100.000
09/23/19 10:00:00,20.936,100.000
09/23/19 11:00:00,21.867,100.000
09/23/19 12:00:00,23.184,98.967
09/23/19 13:00:00,24.171,86.175
09/23/19 14:00:00,24.532,80.092
09/23/19 15:00:00,24.291,74.897
09/23/19 16:00:00,24.581,64.051
09/23/19 17:00:00,24.412,70.209
09/23/19 18:00:00,24.750,65.050
09/23/19 19:00:00,21.270,78.236
09/23/19 20:00:00,19.032,90.570
09/23/19 21:00:00,16.939,93.656
09/23/19 22:00:00,15.796,96.710
09/23/19 23:00:00,14.457,96.277
09/24/19 00:00:00,13.906,97.965
09/24/19 01:00:00,12.992,96.447
09/24/19 02:00:00,12.534,98.599
09/24/19 03:00:00,11.904,98.426
09/24/19 04:00:00,11.540,98.877
09/24/19 05:00:00,10.956,99.461
09/24/19 06:00:00,10.369,98.428
09/24/19 07:00:00,10.001,99.788
09/24/19 08:00:00,10.001,99.887
09/24/19 09:00:00,12.437,98.573
09/24/19 10:00:00,16.749,96.214
09/24/19 11:00:00,20.603,68.771
09/24/19 12:00:00,22.058,60.076
09/24/19 13:00:00,28.345,45.377
09/24/19 14:00:00,24.026,53.524
09/24/19 15:00:00,23.737,54.048
09/24/19 16:00:00,24.002,54.712
09/24/19 17:00:00,23.424,57.458
09/24/19 18:00:00,22.537,66.593
09/24/19 19:00:00,19.603,85.323
09/24/19 20:00:00,16.939,90.563
09/24/19 21:00:00,15.605,94.513
09/24/19 22:00:00,14.697,96.058
09/24/19 23:00:00,14.218,97.337
09/25/19 00:00:00,13.522,98.215
09/25/19 01:00:00,12.558,96.382
09/25/19 02:00:00,12.098,97.170
09/25/19 03:00:00,11.686,99.217
09/25/19 04:00:00,11.662,100.000
09/25/19 05:00:00,11.734,99.729
09/25/19 06:00:00,11.370,100.000
09/25/19 07:00:00,11.565,100.000
09/25/19 08:00:00,12.292,100.000
09/25/19 09:00:00,14.122,100.000
09/25/19 10:00:00,17.986,84.569
09/25/19 11:00:00,21.366,66.537
09/25/19 12:00:00,24.074,57.153
09/25/19 13:00:00,29.165,41.099
09/25/19 14:00:00,26.451,46.577
09/25/19 15:00:00,26.280,46.815
09/25/19 16:00:00,26.867,51.988
09/25/19 17:00:00,26.671,49.887
09/25/19 18:00:00,25.987,68.944
09/25/19 19:00:00,23.088,81.775
09/25/19 20:00:00,21.223,91.458
09/25/19 21:00:00,20.865,93.115
09/25/19 22:00:00,19.627,95.294
09/25/19 23:00:00,19.793,96.021
09/26/19 00:00:00,19.127,97.909
09/26/19 01:00:00,18.794,98.571
09/26/19 02:00:00,18.794,98.881
09/26/19 03:00:00,19.056,99.571
09/26/19 04:00:00,19.436,99.287
09/26/19 05:00:00,19.746,97.788
09/26/19 06:00:00,19.032,97.442
09/26/19 07:00:00,18.081,97.836
09/26/19 08:00:00,17.177,96.586
09/26/19 09:00:00,17.819,94.197
09/26/19 10:00:00,19.365,82.753
09/26/19 11:00:00,21.032,73.675
09/26/19 12:00:00,22.776,64.955
09/26/19 13:00:00,26.940,46.864
09/26/19 14:00:00,24.315,46.444
09/26/19 15:00:00,23.497,46.728
09/26/19 16:00:00,23.713,43.824
09/26/19 17:00:00,23.497,46.279
09/26/19 18:00:00,22.896,50.154
09/26/19 19:00:00,18.961,75.737
09/26/19 20:00:00,15.843,83.643
09/26/19 21:00:00,13.882,88.884
09/26/19 22:00:00,12.461,90.454
09/26/19 23:00:00,11.662,93.309
09/27/19 00:00:00,11.078,94.105
09/27/19 01:00:00,10.492,95.778
09/27/19 02:00:00,10.001,96.703
09/27/19 03:00:00,9.903,96.300
09/27/19 04:00:00,10.100,95.066
09/27/19 05:00:00,10.320,95.681
09/27/19 06:00:00,9.854,95.052
09/27/19 07:00:00,9.854,95.934
09/27/19 08:00:00,10.394,96.960
09/27/19 09:00:00,14.122,87.240
09/27/19 10:00:00,19.413,68.936
09/27/19 11:00:00,23.304,55.204
09/27/19 12:00:00,26.012,58.689
09/27/19 13:00:00,31.255,47.754
09/27/19 14:00:00,28.866,54.872
09/27/19 15:00:00,29.115,56.238
09/27/19 16:00:00,29.790,56.874
09/27/19 17:00:00,30.469,54.303
09/27/19 18:00:00,28.891,62.585
09/27/19 19:00:00,25.525,79.611
09/27/19 20:00:00,22.657,87.573
09/27/19 21:00:00,20.913,91.705
09/27/19 22:00:00,19.888,91.961
09/27/19 23:00:00,19.318,92.193
09/28/19 00:00:00,18.794,93.390
09/28/19 01:00:00,18.580,94.023
09/28/19 02:00:00,18.985,96.908
09/28/19 03:00:00,18.699,97.717
09/28/19 04:00:00,18.771,98.461
09/28/19 05:00:00,18.961,98.668
09/28/19 06:00:00,19.698,99.255
09/28/19 07:00:00,19.722,98.614
09/28/19 08:00:00,19.246,99.416
09/28/19 09:00:00,21.270,97.958
09/28/19 10:00:00,24.677,85.199
09/28/19 11:00:00,27.087,75.448
09/28/19 12:00:00,28.791,66.747
09/28/19 13:00:00,32.355,54.439
09/28/19 14:00:00,30.343,57.778
09/28/19 15:00:00,30.444,50.993
09/28/19 16:00:00,30.192,49.538
09/28/19 17:00:00,29.916,51.599
09/28/19 18:00:00,28.543,69.162
09/28/19 19:00:00,25.380,83.522
09/28/19 20:00:00,22.824,89.263
09/28/19 21:00:00,21.270,91.766
09/28/19 22:00:00,20.412,94.226
09/28/19 23:00:00,20.436,94.551
09/29/19 00:00:00,19.960,94.641
09/29/19 01:00:00,19.460,95.829
09/29/19 02:00:00,19.032,96.817
09/29/19 03:00:00,18.747,96.480
09/29/19 04:00:00,17.938,95.798
09/29/19 05:00:00,18.390,96.959
09/29/19 06:00:00,19.246,96.769
09/29/19 07:00:00,19.365,96.119
09/29/19 08:00:00,19.555,96.327
09/29/19 09:00:00,21.008,92.508
09/29/19 10:00:00,23.521,84.910
09/29/19 11:00:00,27.112,70.706
09/29/19 12:00:00,29.065,64.711
09/29/19 13:00:00,32.484,52.299
09/29/19 14:00:00,31.459,54.890
09/29/19 15:00:00,30.394,57.975
09/29/19 16:00:00,30.495,53.891
09/29/19 17:00:00,31.204,51.836
09/29/19 18:00:00,30.167,61.298
09/29/19 19:00:00,26.818,78.869
09/29/19 20:00:00,23.737,87.466
09/29/19 21:00:00,21.867,90.044
09/29/19 22:00:00,20.722,92.999
09/29/19 23:00:00,20.412,95.313
09/30/19 00:00:00,19.770,94.009
09/30/19 01:00:00,19.270,95.044
09/30/19 02:00:00,18.771,94.941
09/30/19 03:00:00,18.366,94.968
09/30/19 04:00:00,18.081,95.679
09/30/19 05:00:00,17.891,96.879
09/30/19 06:00:00,17.677,96.718
09/30/19 07:00:00,17.677,97.289
09/30/19 08:00:00,17.819,98.669
09/30/19 09:00:00,20.841,95.450
09/30/19 10:00:00,24.267,91.034
09/30/19 11:00:00,27.628,70.682
09/30/19 12:00:00,30.672,57.542
09/30/19 13:00:00,34.045,48.165
09/30/19 14:00:00,31.970,51.389
09/30/19 15:00:00,31.535,55.795
09/30/19 16:00:00,31.842,52.374
09/30/19 17:00:00,31.944,53.064
09/30/19 18:00:00,30.142,63.594
09/30/19 19:00:00,27.186,79.148
09/30/19 20:00:00,24.195,86.961
09/30/19 21:00:00,22.465,89.779
09/30/19 22:00:00,21.246,91.167
09/30/19 23:00:00,20.436,93.674
10/01/19 00:00:00,19.770,93.532
10/01/19 01:00:00,19.318,94.212
10/01/19 02:00:00,19.032,95.665
10/01/19 03:00:00,18.652,95.828
10/01/19 04:00:00,18.247,95.696
10/01/19 05:00:00,17.986,96.644
10/01/19 06:00:00,17.701,96.465
10/01/19 07:00:00,17.701,97.450
10/01/19 08:00:00,17.605,98.276
10/01/19 09:00:00,20.412,95.656
10/01/19 10:00:00,24.750,84.287
10/01/19 11:00:00,28.023,70.244
10/01/19 12:00:00,30.773,56.480
10/01/19 13:00:00,33.261,50.161
10/01/19 14:00:00,31.001,52.903
10/01/19 15:00:00,31.816,49.845
10/01/19 16:00:00,32.150,45.764
10/01/19 17:00:00,31.561,49.031
10/01/19 18:00:00,30.596,55.819
10/01/19 19:00:00,26.500,75.713
10/01/19 20:00:00,23.521,84.378
10/01/19 21:00:00,21.724,89.437
10/01/19 22:00:00,20.698,90.222
10/01/19 23:00:00,19.936,91.007
10/02/19 00:00:00,19.436,95.324
10/02/19 01:00:00,19.103,95.946
10/02/19 02:00:00,19.008,96.549
10/02/19 03:00:00,18.604,93.976
10/02/19 04:00:00,17.796,95.683
10/02/19 05:00:00,18.010,97.791
10/02/19 06:00:00,17.819,97.999
10/02/19 07:00:00,17.320,96.624
10/02/19 08:00:00,17.891,98.894
10/02/19 09:00:00,21.581,94.498
10/02/19 10:00:00,24.026,84.491
10/02/19 11:00:00,27.875,68.499
10/02/19 12:00:00,30.571,58.506
10/02/19 13:00:00,32.872,46.607
10/02/19 14:00:00,31.281,49.905
10/02/19 15:00:00,31.663,44.750
10/02/19 16:00:00,32.124,44.342
10/02/19 17:00:00,31.944,43.162
10/02/19 18:00:00,30.748,52.804
10/02/19 19:00:00,26.524,73.717
10/02/19 20:00:00,23.641,83.026
10/02/19 21:00:00,22.082,87.769
10/02/19 22:00:00,21.032,89.570
10/02/19 23:00:00,20.055,90.120
10/03/19 00:00:00,19.508,91.813
10/03/19 01:00:00,18.961,93.486
10/03/19 02:00:00,18.557,96.274
10/03/19 03:00:00,18.414,96.341
10/03/19 04:00:00,17.986,93.317
10/03/19 05:00:00,17.463,95.830
10/03/19 06:00:00,17.082,95.574
10/03/19 07:00:00,16.939,96.885
10/03/19 08:00:00,17.249,98.360
10/03/19 09:00:00,20.698,93.873
10/03/19 10:00:00,24.774,76.158
10/03/19 11:00:00,27.284,66.607
10/03/19 12:00:00,29.840,60.497
10/03/19 13:00:00,32.949,50.479
10/03/19 14:00:00,30.243,59.777
10/03/19 15:00:00,30.041,60.716
10/03/19 16:00:00,29.715,61.257
10/03/19 17:00:00,27.801,67.577
10/03/19 18:00:00,27.358,64.822
10/03/19 19:00:00,24.098,79.513
10/03/19 20:00:00,22.082,82.627
10/03/19 21:00:00,20.031,84.815
10/03/19 22:00:00,18.129,90.134
10/03/19 23:00:00,17.225,90.847
10/04/19 00:00:00,16.272,91.644
10/04/19 01:00:00,15.748,91.222
10/04/19 02:00:00,15.175,93.204
10/04/19 03:00:00,14.721,94.076
10/04/19 04:00:00,14.960,93.097
10/04/19 05:00:00,14.361,85.661
10/04/19 06:00:00,12.944,87.331
10/04/19 07:00:00,11.953,90.093
10/04/19 08:00:00,11.467,90.024
10/04/19 09:00:00,14.673,76.416
10/04/19 10:00:00,16.368,64.922
10/04/19 11:00:00,17.724,59.419
10/04/19 12:00:00,19.032,53.348
10/04/19 13:00:00,23.376,42.814
10/04/19 14:00:00,20.603,45.574
10/04/19 15:00:00,20.698,45.362
10/04/19 16:00:00,20.460,44.279
10/04/19 17:00:00,20.555,43.970
10/04/19 18:00:00,20.222,45.241
10/04/19 19:00:00,17.463,60.792
10/04/19 20:00:00,14.505,77.081
10/04/19 21:00:00,12.727,80.979
10/04/19 22:00:00,11.953,86.430
10/04/19 23:00:00,11.565,87.582
10/05/19 00:00:00,11.273,87.590
10/05/19 01:00:00,11.078,86.857
10/05/19 02:00:00,11.078,87.517
10/05/19 03:00:00,10.687,87.896
10/05/19 04:00:00,10.149,89.071
10/05/19 05:00:00,9.756,90.090
10/05/19 06:00:00,9.287,90.798
10/05/19 07:00:00,8.941,92.528
10/05/19 08:00:00,8.668,92.457
10/05/19 09:00:00,12.050,82.079
10/05/19 10:00:00,14.768,70.794
10/05/19 11:00:00,16.963,65.144
10/05/19 12:00:00,18.961,58.857
10/05/19 13:00:00,24.774,41.310
10/05/19 14:00:00,22.753,43.034
10/05/19 15:00:00,23.569,39.675
10/05/19 16:00:00,24.363,36.628
10/05/19 17:00:00,25.065,36.465
10/05/19 18:00:00,23.833,52.648
10/05/19 19:00:00,19.651,70.005
10/05/19 20:00:00,16.701,79.694
10/05/19 21:00:00,15.199,85.371
10/05/19 22:00:00,14.194,86.990
10/05/19 23:00:00,13.449,89.887
10/06/19 00:00:00,14.314,90.101
10/06/19 01:00:00,14.721,96.552
10/06/19 02:00:00,15.199,97.704
10/06/19 03:00:00,15.270,96.698
10/06/19 04:00:00,15.031,97.914
10/06/19 05:00:00,15.247,96.769
10/06/19 06:00:00,14.792,96.109
10/06/19 07:00:00,14.697,97.185
10/06/19 08:00:00,14.122,98.176
10/06/19 09:00:00,16.272,97.094
10/06/19 10:00:00,21.008,87.791
10/06/19 11:00:00,21.795,77.574
10/06/19 12:00:00,21.652,75.042
10/06/19 13:00:00,23.016,64.272
10/06/19 14:00:00,22.082,69.159
10/06/19 15:00:00,20.150,81.362
10/06/19 16:00:00,20.222,81.630
10/06/19 17:00:00,20.698,76.862
10/06/19 18:00:00,18.319,89.160
10/06/19 19:00:00,17.415,90.841
10/06/19 20:00:00,16.654,95.722
10/06/19 21:00:00,15.485,99.665
10/06/19 22:00:00,14.673,100.000
10/06/19 23:00:00,13.642,100.000
10/07/19 00:00:00,13.449,100.000
10/07/19 01:00:00,13.329,100.000
10/07/19 02:00:00,13.473,100.000
10/07/19 03:00:00,13.497,100.000
10/07/19 04:00:00,13.570,100.000
10/07/19 05:00:00,13.473,100.000
10/07/19 06:00:00,13.305,100.000
10/07/19 07:00:00,13.016,100.000
10/07/19 08:00:00,12.847,100.000
10/07/19 09:00:00,13.257,100.000
10/07/19 10:00:00,14.074,100.000
10/07/19 11:00:00,14.864,100.000
10/07/19 12:00:00,15.461,99.861
10/07/19 13:00:00,15.963,96.626
10/07/19 14:00:00,16.677,91.957
10/07/19 15:00:00,17.130,81.177
10/07/19 16:00:00,16.963,73.481
10/07/19 17:00:00,17.153,77.802
10/07/19 18:00:00,17.011,80.207
10/07/19 19:00:00,13.930,90.427
10/07/19 20:00:00,11.565,96.268
10/07/19 21:00:00,10.124,97.437
10/07/19 22:00:00,9.064,97.596
10/07/19 23:00:00,8.519,98.436
10/08/19 00:00:00,7.670,100.000
10/08/19 01:00:00,7.192,100.000
10/08/19 02:00:00,6.889,100.000
10/08/19 03:00:00,6.484,100.000
10/08/19 04:00:00,6.433,100.000
10/08/19 05:00:00,6.204,100.000
10/08/19 06:00:00,5.745,100.000
10/08/19 07:00:00,5.514,100.000
10/08/19 08:00:00,5.385,100.000
10/08/19 09:00:00,9.040,100.000
10/08/19 10:00:00,14.266,91.509
10/08/19 11:00:00,17.701,68.359
10/08/19 12:00:00,18.794,57.339
10/08/19 13:00:00,22.321,41.625
10/08/19 14:00:00,20.841,43.811
10/08/19 15:00:00,20.889,43.817
10/08/19 16:00:00,20.484,43.191
10/08/19 17:00:00,20.889,41.433
10/08/19 18:00:00,19.579,47.700
10/08/19 19:00:00,15.939,76.115
10/08/19 20:00:00,12.437,84.943
10/08/19 21:00:00,10.173,88.608
10/08/19 22:00:00,8.990,91.313
10/08/19 23:00:00,8.668,97.188
10/09/19 00:00:00,8.020,98.420
10/09/19 01:00:00,7.845,98.051
10/09/19 02:00:00,7.645,98.045
10/09/19 03:00:00,7.519,98.943
10/09/19 04:00:00,7.142,96.175
10/09/19 05:00:00,6.712,97.884
10/09/19 06:00:00,6.636,98.647
10/09/19 07:00:00,6.535,99.326
10/09/19 08:00:00,6.763,100.000
10/09/19 09:00:00,10.712,98.098
10/09/19 10:00:00,17.082,80.528
10/09/19 11:00:00,19.032,72.910
10/09/19 12:00:00,20.150,68.424
10/09/19 13:00:00,23.304,56.604
10/09/19 14:00:00,22.321,59.811
10/09/19 15:00:00,22.489,58.303
10/09/19 16:00:00,22.537,58.249
10/09/19 17:00:00,22.369,58.838
10/09/19 18:00:00,21.963,61.462
10/09/19 19:00:00,18.937,76.246
10/09/19 20:00:00,15.605,85.600
10/09/19 21:00:00,13.762,90.963
10/09/19 22:00:00,12.799,92.337
10/09/19 23:00:00,11.516,93.964
10/10/19 00:00:00,10.834,95.515
10/10/19 01:00:00,10.638,97.152
10/10/19 02:00:00,10.247,96.216
10/10/19 03:00:00,10.394,96.231
10/10/19 04:00:00,9.854,96.763
10/10/19 05:00:00,9.410,97.541
10/10/19 06:00:00,9.756,98.531
10/10/19 07:00:00,9.928,98.530
10/10/19 08:00:00,10.100,99.544
10/10/19 09:00:00,14.792,100.000
10/10/19 10:00:00,18.057,88.719
10/10/19 11:00:00,21.700,78.240
10/10/19 12:00:00,24.702,65.344
10/10/19 13:00:00,26.671,56.039
10/10/19 14:00:00,27.038,53.821
10/10/19 15:00:00,26.671,56.353
10/10/19 16:00:00,26.965,50.245
10/10/19 17:00:00,26.134,52.999
10/10/19 18:00:00,24.847,56.147
10/10/19 19:00:00,22.130,67.417
10/10/19 20:00:00,19.246,82.114
10/10/19 21:00:00,18.628,85.593
10/10/19 22:00:00,17.534,88.890
10/10/19 23:00:00,17.368,90.562
10/11/19 00:00:00,17.534,90.417
10/11/19 01:00:00,17.582,90.642
10/11/19 02:00:00,17.296,91.635
10/11/19 03:00:00,16.915,91.540
10/11/19 04:00:00,16.749,92.028
10/11/19 05:00:00,16.272,93.433
10/11/19 06:00:00,16.320,95.063
10/11/19 07:00:00,16.558,95.021
10/11/19 08:00:00,16.915,95.583
10/11/19 09:00:00,17.962,91.775
10/11/19 10:00:00,23.232,67.732
10/11/19 11:00:00,21.557,74.097
10/11/19 12:00:00,20.126,89.677
10/11/19 13:00:00,17.772,99.836
10/11/19 14:00:00,17.938,100.000
10/11/19 15:00:00,18.889,100.000
10/11/19 16:00:00,19.484,100.000
10/11/19 17:00:00,19.056,100.000
10/11/19 18:00:00,18.866,100.000
10/11/19 19:00:00,17.938,100.000
10/11/19 20:00:00,16.987,97.724
10/11/19 21:00:00,11.029,100.000
10/11/19 22:00:00,9.805,100.000
10/11/19 23:00:00,7.745,100.000
10/12/19 00:00:00,7.091,100.000
10/12/19 01:00:00,6.813,100.000
10/12/19 02:00:00,6.839,100.000
10/12/19 03:00:00,6.484,100.000
10/12/19 04:00:00,5.847,97.766
10/12/19 05:00:00,4.220,100.000
10/12/19 06:00:00,2.770,100.000
10/12/19 07:00:00,2.396,100.000
10/12/19 08:00:00,1.859,100.000
10/12/19 09:00:00,5.231,100.000
10/12/19 10:00:00,9.460,81.201
10/12/19 11:00:00,8.369,76.677
10/12/19 12:00:00,10.320,68.241
10/12/19 13:00:00,11.589,57.077
10/12/19 14:00:00,11.029,55.586
10/12/19 15:00:00,11.224,55.735
10/12/19 16:00:00,12.098,51.906
10/12/19 17:00:00,13.233,48.193
10/12/19 18:00:00,11.467,58.991
10/12/19 19:00:00,8.593,80.604
10/12/19 20:00:00,6.077,90.494
10/12/19 21:00:00,4.818,94.010
10/12/19 22:00:00,3.932,96.868
10/12/19 23:00:00,3.274,98.283
10/13/19 00:00:00,2.823,99.427
10/13/19 01:00:00,2.423,99.264
10/13/19 02:00:00,1.913,99.142
10/13/19 03:00:00,1.643,99.966
10/13/19 04:00:00,1.425,100.000
10/13/19 05:00:00,1.044,100.000
10/13/19 06:00:00,0.989,100.000
10/13/19 07:00:00,0.687,100.000
10/13/19 08:00:00,0.825,100.000
10/13/19 09:00:00,2.877,100.000
10/13/19 10:00:00,8.965,89.556
10/13/19 11:00:00,12.340,69.618
10/13/19 12:00:00,16.558,54.010
10/13/19 13:00:00,18.129,44.797
10/13/19 14:00:00,18.010,45.163
10/13/19 15:00:00,17.748,45.859
10/13/19 16:00:00,19.008,41.031
10/13/19 17:00:00,19.175,39.078
10/13/19 18:00:00,17.058,46.782
10/13/19 19:00:00,13.064,74.993
10/13/19 20:00:00,10.051,85.952
10/13/19 21:00:00,8.220,91.219
10/13/19 22:00:00,7.970,94.274
10/13/19 23:00:00,7.970,95.753
10/14/19 00:00:00,7.393,95.946
10/14/19 01:00:00,7.066,97.244
10/14/19 02:00:00,6.458,97.175
10/14/19 03:00:00,5.821,98.491
10/14/19 04:00:00,5.591,100.000
10/14/19 05:00:00,5.385,99.219
10/14/19 06:00:00,4.688,98.731
10/14/19 07:00:00,3.775,98.183
10/14/19 08:00:00,3.089,100.000
10/14/19 09:00:00,6.484,97.305
10/14/19 10:00:00,13.642,72.203
10/14/19 11:00:00,14.673,64.803
10/14/19 12:00:00,18.557,45.230
10/14/19 13:00:00,18.818,40.043
10/14/19 14:00:00,18.010,40.502
10/14/19 15:00:00,17.605,39.041
10/14/19 16:00:00,18.961,35.899
10/14/19 17:00:00,19.270,32.938
10/14/19 18:00:00,16.558,52.935
10/14/19 19:00:00,12.074,76.906
10/14/19 20:00:00,8.817,86.026
10/14/19 21:00:00,6.940,91.299
10/14/19 22:00:00,5.514,94.420
10/14/19 23:00:00,4.895,95.022
10/15/19 00:00:00,4.194,96.428
10/15/19 01:00:00,3.749,96.574
10/15/19 02:00:00,3.327,97.574
10/15/19 03:00:00,3.142,99.255
10/15/19 04:00:00,3.089,99.144
10/15/19 05:00:00,3.009,99.552
10/15/19 06:00:00,2.983,99.496
10/15/19 07:00:00,3.195,99.557
10/15/19 08:00:00,3.036,98.985
10/15/19 09:00:00,7.419,96.449
10/15/19 10:00:00,16.296,61.887
10/15/19 11:00:00,18.319,55.800
10/15/19 12:00:00,22.321,44.821
10/15/19 13:00:00,24.363,41.363
10/15/19 14:00:00,22.082,53.407
10/15/19 15:00:00,22.345,54.442
10/15/19 16:00:00,22.920,55.304
10/15/19 17:00:00,23.040,55.602
10/15/19 18:00:00,20.698,66.746
10/15/19 19:00:00,18.818,78.377
10/15/19 20:00:00,17.796,84.361
10/15/19 21:00:00,17.320,87.356
10/15/19 22:00:00,16.677,89.780
10/15/19 23:00:00,16.368,99.145
10/16/19 00:00:00,15.055,100.000
10/16/19 01:00:00,15.079,100.000
10/16/19 02:00:00,15.294,100.000
10/16/19 03:00:00,11.759,99.586
10/16/19 04:00:00,10.100,100.000
10/16/19 05:00:00,9.410,100.000
10/16/19 06:00:00,8.419,100.000
10/16/19 07:00:00,7.066,100.000
10/16/19 08:00:00,6.153,100.000
10/16/19 09:00:00,6.914,100.000
10/16/19 10:00:00,6.712,100.000
10/16/19 11:00:00,7.167,100.000
10/16/19 12:00:00,8.170,94.402
10/16/19 13:00:00,8.643,88.751
10/16/19 14:00:00,8.841,86.374
10/16/19 15:00:00,8.941,85.081
10/16/19 16:00:00,9.706,83.401
10/16/19 17:00:00,9.879,81.295
10/16/19 18:00:00,9.435,83.898
10/16/19 19:00:00,8.941,88.876
10/16/19 20:00:00,8.643,84.086
10/16/19 21:00:00,7.870,88.508
10/16/19 22:00:00,5.898,96.774
10/16/19 23:00:00,5.693,98.723
10/17/19 00:00:00,5.796,98.606
10/17/19 01:00:00,5.949,96.345
10/17/19 02:00:00,4.558,98.597
10/17/19 03:00:00,3.643,99.733
10/17/19 04:00:00,2.983,100.000
10/17/19 05:00:00,2.664,100.000
10/17/19 06:00:00,2.236,100.000
10/17/19 07:00:00,1.805,100.000
10/17/19 08:00:00,2.128,100.000
10/17/19 09:00:00,4.506,100.000
10/17/19 10:00:00,6.611,94.688
10/17/19 11:00:00,9.682,82.540
10/17/19 12:00:00,15.151,61.341
10/17/19 13:00:00,16.344,53.089
10/17/19 14:00:00,14.553,54.207
10/17/19 15:00:00,13.594,58.735
10/17/19 16:00:00,14.098,52.769
10/17/19 17:00:00,15.127,49.186
10/17/19 18:00:00,12.775,60.002
10/17/19 19:00:00,9.410,85.615
10/17/19 20:00:00,7.167,93.080
10/17/19 21:00:00,5.821,95.668
10/17/19 22:00:00,4.766,97.343
10/17/19 23:00:00,4.141,98.286
10/18/19 00:00:00,3.564,99.039
10/18/19 01:00:00,2.956,99.393
10/18/19 02:00:00,2.877,99.561
10/18/19 03:00:00,2.664,100.000
10/18/19 04:00:00,2.128,100.000
10/18/19 05:00:00,1.994,100.000
10/18/19 06:00:00,1.697,100.000
10/18/19 07:00:00,1.425,100.000
10/18/19 08:00:00,1.289,100.000
10/18/19 09:00:00,4.947,100.000
10/18/19 10:00:00,12.630,72.288
10/18/19 11:00:00,12.001,72.532
10/18/19 12:00:00,15.270,57.948
10/18/19 13:00:00,16.368,51.181
10/18/19 14:00:00,16.654,50.632
10/18/19 15:00:00,15.557,51.347
10/18/19 16:00:00,15.843,52.065
10/18/19 17:00:00,17.344,47.697
10/18/19 18:00:00,14.745,65.109
10/18/19 19:00:00,10.516,83.588
10/18/19 20:00:00,7.695,92.738
10/18/19 21:00:00,6.306,93.933
10/18/19 22:00:00,5.231,96.566
10/18/19 23:00:00,4.584,97.439
10/19/19 00:00:00,4.194,98.252
10/19/19 01:00:00,3.854,98.012
10/19/19 02:00:00,3.142,98.246
10/19/19 03:00:00,3.063,100.000
10/19/19 04:00:00,3.142,99.446
10/19/19 05:00:00,2.584,99.572
10/19/19 06:00:00,2.557,100.000
10/19/19 07:00:00,2.610,99.675
10/19/19 08:00:00,2.557,100.000
10/19/19 09:00:00,6.990,100.000
10/19/19 10:00:00,11.029,79.869
10/19/19 11:00:00,14.098,67.991
10/19/19 12:00:00,21.366,47.800
10/19/19 13:00:00,22.824,42.135
10/19/19 14:00:00,21.342,42.614
10/19/19 15:00:00,19.770,44.389
10/19/19 16:00:00,20.365,43.402
10/19/19 17:00:00,18.771,55.990
10/19/19 18:00:00,17.510,68.266
10/19/19 19:00:00,14.361,81.724
10/19/19 20:00:00,12.606,88.204
10/19/19 21:00:00,11.977,91.453
10/19/19 22:00:00,12.437,91.309
10/19/19 23:00:00,12.703,91.948
10/20/19 00:00:00,12.630,93.251
10/20/19 01:00:00,11.200,94.545
10/20/19 02:00:00,12.243,94.820
10/20/19 03:00:00,12.001,95.649
10/20/19 04:00:00,10.394,95.928
10/20/19 05:00:00,9.460,97.530
10/20/19 06:00:00,10.687,99.138
10/20/19 07:00:00,10.247,98.817
10/20/19 08:00:00,9.163,98.318
10/20/19 09:00:00,11.662,98.860
10/20/19 10:00:00,17.605,85.576
10/20/19 11:00:00,17.986,78.484
10/20/19 12:00:00,24.484,51.570
10/20/19 13:00:00,25.744,40.892
10/20/19 14:00:00,23.689,44.177
10/20/19 15:00:00,21.915,46.979
10/20/19 16:00:00,22.513,46.351
10/20/19 17:00:00,22.585,46.007
10/20/19 18:00:00,19.651,63.314
10/20/19 19:00:00,15.509,81.979
10/20/19 20:00:00,13.353,90.257
10/20/19 21:00:00,13.618,91.136
10/20/19 22:00:00,12.292,92.983
10/20/19 23:00:00,10.980,93.466
10/21/19 00:00:00,10.345,95.132
10/21/19 01:00:00,9.756,97.037
10/21/19 02:00:00,10.320,99.284
10/21/19 03:00:00,11.832,99.955
10/21/19 04:00:00,12.534,100.000
10/21/19 05:00:00,11.370,99.179
10/21/19 06:00:00,11.977,100.000
10/21/19 07:00:00,12.775,100.000
10/21/19 08:00:00,13.257,100.000
10/21/19 09:00:00,13.690,99.773
10/21/19 10:00:00,14.122,98.530
10/21/19 11:00:00,14.816,99.278
10/21/19 12:00:00,14.864,100.000
10/21/19 13:00:00,17.320,100.000
10/21/19 14:00:00,18.438,100.000
10/21/19 15:00:00,18.794,98.519
10/21/19 16:00:00,18.271,94.155
10/21/19 17:00:00,17.701,96.673
10/21/19 18:00:00,16.654,99.325
10/21/19 19:00:00,15.939,100.000
10/21/19 20:00:00,15.843,100.000
10/21/19 21:00:00,15.939,100.000
10/21/19 22:00:00,15.700,100.000
10/21/19 23:00:00,14.984,100.000
10/22/19 00:00:00,14.649,100.000
10/22/19 01:00:00,13.401,100.000
10/22/19 02:00:00,12.534,100.000
10/22/19 03:00:00,12.122,100.000
10/22/19 04:00:00,10.565,100.000
10/22/19 05:00:00,8.866,100.000
10/22/19 06:00:00,8.916,100.000
10/22/19 07:00:00,8.817,100.000
10/22/19 08:00:00,9.460,100.000
10/22/19 09:00:00,10.980,98.122
10/22/19 10:00:00,13.016,80.578
10/22/19 11:00:00,13.040,75.911
10/22/19 12:00:00,18.675,58.205
10/22/19 13:00:00,17.463,55.673
10/22/19 14:00:00,16.630,54.051
10/22/19 15:00:00,15.748,55.448
10/22/19 16:00:00,18.985,42.922
10/22/19 17:00:00,19.722,49.419
10/22/19 18:00:00,19.318,51.680
10/22/19 19:00:00,17.153,48.299
10/22/19 20:00:00,17.034,50.093
10/22/19 21:00:00,16.939,50.205
10/22/19 22:00:00,16.868,49.760
10/22/19 23:00:00,16.820,49.349
10/23/19 00:00:00,16.868,43.504
10/23/19 01:00:00,16.868,40.569
10/23/19 02:00:00,17.225,39.580
10/23/19 03:00:00,17.391,39.212
10/23/19 04:00:00,17.296,39.008
10/23/19 05:00:00,17.201,38.869
10/23/19 06:00:00,17.320,38.365
10/23/19 07:00:00,17.391,37.758
10/23/19 08:00:00,17.463,37.279
10/23/19 09:00:00,17.463,36.922
10/23/19 10:00:00,17.510,36.830
10/23/19 11:00:00,18.010,36.164
10/23/19 12:00:00,17.368,35.710
10/23/19 13:00:00,17.130,35.426
10/23/19 14:00:00,16.963,35.410
10/23/19 15:00:00,17.034,35.319
10/23/19 16:00:00,16.987,35.607
10/23/19 17:00:00,16.868,35.856
10/23/19 18:00:00,16.892,36.183
10/23/19 19:00:00,16.892,36.703
10/23/19 20:00:00,16.892,37.318
10/23/19 21:00:00,16.796,37.923
10/23/19 22:00:00,16.844,38.089
10/23/19 23:00:00,16.868,38.382
10/24/19 00:00:00,16.844,38.831
10/24/19 01:00:00,16.868,39.156
10/24/19 02:00:00,16.987,39.007
10/24/19 03:00:00,16.844,39.668
10/24/19 04:00:00,16.844,40.053
10/24/19 05:00:00,16.892,40.379
10/24/19 06:00:00,17.034,40.716
10/24/19 07:00:00,16.820,41.843
10/24/19 08:00:00,16.773,43.080
10/24/19 09:00:00,16.987,43.867
10/24/19 10:00:00,17.415,43.950
10/24/19 11:00:00,17.701,45.632
10/24/19 12:00:00,17.843,47.164
10/24/19 13:00:00,17.986,48.125
10/24/19 14:00:00,17.938,49.278
10/24/19 15:00:00,17.938,50.713
10/24/19 16:00:00,18.247,51.439
10/24/19 17:00:00,18.247,52.432
10/24/19 18:00:00,18.438,51.154
10/24/19 19:00:00,18.461,52.865
10/24/19 20:00:00,18.343,53.095
10/24/19 21:00:00,18.200,52.611
10/24/19 22:00:00,18.247,51.004
10/24/19 23:00:00,18.247,50.880
10/25/19 00:00:00,18.176,50.839
10/25/19 01:00:00,18.152,50.275
10/25/19 02:00:00,18.176,50.621
10/25/19 03:00:00,18.176,50.963
10/25/19 04:00:00,18.129,50.708
10/25/19 05:00:00,18.081,50.171
10/25/19 06:00:00,18.152,49.900
10/25/19 07:00:00,18.105,49.769
10/25/19 08:00:00,18.033,48.915
10/25/19 09:00:00,18.105,49.550
10/25/19 10:00:00,18.247,49.162
10/25/19 11:00:00,18.319,48.796
10/25/19 12:00:00,18.509,48.444
10/25/19 13:00:00,18.485,50.475
10/25/19 14:00:00,18.937,52.839
