Slice,Count,Total Area,Average Size,%Area,Mean,Perim.,Major,Minor,Angle
leaf:D1_10F_Ev_2_August,1,440959,440959,23.776,254.995,7899.895,3293.486,170.472,0.153
lesions:D1_10F_Ev_2_August,25,10448,417.92,1.514,255,74.823,29.657,7.146,88.242
leaf:D1_10F_Ev_3_August,1,421139,421139,26.207,255,8095.905,3583.838,149.619,179.491
lesions:D1_10F_Ev_3_August,69,45690,662.174,5.188,255,120.781,46.527,6.992,73.689
leaf:D1_10F_Ev_A_August,1,224349,224349,20.773,254.991,3854.785,1700.197,168.01,170.514
lesions:D1_10F_Ev_A_August,14,15910,1136.429,2.739,255,108.817,24.138,12.731,108.762
leaf:D1_10W_Ev_1_earlyAug,1,179146,179146,4.754,254.311,8753.088,2896.478,78.749,90.168
lesions:D1_10W_Ev_1_earlyAug,6,7706,1284.333,2.377,255,219.259,90.609,12.092,73.473
leaf:D1_1W_Ev_1_EarlyAug,1,108734,108734,5.113,255,5196.871,2228.738,62.118,86.92
lesions:D1_1W_Ev_1_EarlyAug,8,27734,3466.75,7.705,255,354.544,142.324,11.945,89.089
leaf:D1_1W_Ev_2_EarlyAug,1,140311,140311,5.273,255,6342.526,2548.068,70.112,77.002
lesions:D1_1W_Ev_2_EarlyAug,22,42937,1951.682,2.104,255,194.111,72.211,9.176,74.506
leaf:D1_1W_Ev_3_EarlyAug,1,156276,156276,7.184,255,6019.268,2080.245,95.651,79.516
lesions:D1_1W_Ev_3_EarlyAug,6,64474,10745.667,5.02,255,571.485,196.26,19.621,79.514
leaf:D1_1W_Ev_A_EarlyAug,1,136492,136492,7.993,255,5503.042,2356.25,73.756,80.088
lesions:D1_1W_Ev_A_EarlyAug,5,49337,9867.4,4.137,255,759.675,292.69,18.898,84.006
leaf:D1_2F_Ev_1_August,1,448351,448351,36.157,255,9980.886,4600.642,124.082,0.183
lesions:D1_2F_Ev_1_August,18,23906,1328.111,3.423,255,146.959,54.103,9.349,92.003
leaf:D1_2F_Ev_2_August,1,562311,562311,42.909,254.999,8558.969,3688.355,194.113,179.781
lesions:D1_2F_Ev_2_August,15,14774,984.933,1.782,255,178.915,74.542,12.069,128.122
leaf:D1_2F_Ev_3_August,1,548174,548174,28.825,255,9303.06,3846.445,181.455,2.032
lesions:D1_2F_Ev_3_August,27,74093,2744.185,7.01,255,222.444,61.927,11.581,65.299
leaf:D1_2W_Ev_1_EarlyAug,1,450175,450175,10.061,255,8989.895,3519.323,162.867,91.41
lesions:D1_2W_Ev_1_EarlyAug,39,290979,7461,26.469,255,237.751,83.835,11.182,87.094
leaf:D1_2W_Ev_2_EarlyAug,1,485409,485409,22.9,255,7430.785,2943.116,209.996,90.224
lesions:D1_2W_Ev_2_EarlyAug,36,53554,1487.611,6.699,255,117.279,44.843,11.13,89.415
leaf:D1_2W_Ev_3_EarlyAug,1,612657,612657,20.908,255,10185.476,4279.646,182.272,90.79
lesions:D1_2W_Ev_3_EarlyAug,28,391280,13974.286,37.253,255,365.609,117.827,10.588,77.043
leaf:D1_2W_Ev_A_EarlyAug,1,785012,785012,16.453,255,10107.635,4249.273,235.219,91.689
lesions:D1_2W_Ev_A_EarlyAug,166,357261,2152.175,25.003,255,111.561,34.839,8.859,72.777
leaf:D1_3F_Ev_1_August,1,427473,427473,22.199,254.999,6600.3,2863.072,190.102,0.827
lesions:D1_3F_Ev_1_August,19,162580,8556.842,23.714,255,351.81,99.768,16.073,57.383
leaf:D1_3F_Ev_2_August,1,575194,575194,36.194,255,7773.898,3754.362,195.069,0.327
lesions:D1_3F_Ev_2_August,22,18489,840.409,2.546,255,88.641,31.311,10.189,72.126
leaf:D1_3F_Ev_3_August,1,185951,185951,21.027,255,4633.817,2028.887,116.695,0.248
lesions:D1_3F_Ev_3_August,18,43558,2419.889,14.354,255,189.938,58.354,14.778,81.945
leaf:D1_3F_Ev_A_August,2,813801,406900.5,33.595,255,5651.683,2324.147,221.494,89.805
lesions:D1_3F_Ev_A_August,74,66185,894.392,4.151,255,116.872,37.433,9.658,86.094
leaf:D1_3W_Ev_1_earlyAug,1,274127,274127,13.926,255,7123.08,2960.817,117.883,89.967
lesions:D1_3W_Ev_1_earlyAug,37,50491,1364.622,10.137,255,163.359,52.897,8.559,68.931
leaf:D1_3W_Ev_2_earlyAug,1,341383,341383,14.738,255,7908.886,3569.036,121.787,89.169
lesions:D1_3W_Ev_2_earlyAug,39,225413,5779.821,38.254,255,238.268,81.267,9,83.263
leaf:D1_3W_Ev_3_earlyAug,1,147357,147357,11.341,255,5059.901,2132.434,87.984,90.571
lesions:D1_3W_Ev_3_earlyAug,14,135495,9678.214,48.328,255,413.005,160.734,14.946,62.039
leaf:D1_3W_Ev_A_earlyAug,1,57890,57890,7.999,255,2995.72,1264.378,58.296,92.57
lesions:D1_3W_Ev_A_earlyAug,14,17050,1217.857,12.284,255,186.984,69.718,10.029,89.589
leaf:D1_4F_Ev_1_August,1,363391,363391,22.323,255,6928.709,3086.557,149.903,1.569
lesions:D1_4F_Ev_1_August,15,61454,4096.933,9.685,255,314.315,72.855,9.023,57.384
leaf:D1_4F_Ev_2_August,1,426351,426351,22.097,255,6711.506,3159.399,171.82,1.576
lesions:D1_4F_Ev_2_August,19,145985,7683.421,22.431,255,241.597,80.078,12.811,65.861
leaf:D1_4F_Ev_3_August,1,216942,216942,16.172,255,6349.568,3105.217,88.953,1.648
lesions:D1_4F_Ev_3_August,5,937,187.4,0.223,255,62.801,22.853,6.757,61.355
leaf:D1_4F_Ev_A_August,1,234177,234177,28.241,255,4619.935,2111.058,141.239,0.408
lesions:D1_4F_Ev_A_August,12,78157,6513.083,20.853,255,283.564,93.026,15.604,97.788
leaf:D1_4W_Ev_1_earlyAug,1,232531,232531,10.109,255,7317.378,3240.8,91.356,86.057
lesions:D1_4W_Ev_1_earlyAug,37,158171,4274.892,16.129,255,231.246,88.858,9.303,81.587
leaf:D1_4W_Ev_2_earlyAug,1,249516,249516,9.976,254.657,7467.645,3088.306,102.87,89.102
lesions:D1_4W_Ev_2_earlyAug,39,77658,1991.231,14.598,255,139.909,40.645,7.243,78.471
leaf:D1_4W_Ev_3_earlyAug,1,162973,162973,13.245,255,4043.166,1851.766,112.057,90.089
lesions:D1_4W_Ev_3_earlyAug,21,80907,3852.714,34.102,255,194.442,69.63,10.286,77.122
leaf:D1_4W_Ev_A_earlyAug,1,550594,550594,12.689,255,9113.101,3823.544,183.348,91.783
lesions:D1_4W_Ev_A_earlyAug,86,105120,1222.326,9.738,255,125.093,41.292,8.057,79.982
leaf:D1_5F_Ev_1_August,1,267323,267323,39.958,255,6725.741,3018.679,112.753,179.967
lesions:D1_5F_Ev_1_August,9,3688,409.778,0.978,255,105.342,40.79,8.056,70.272
leaf:D1_5F_Ev_2_August,1,474312,474312,40.156,255,8110.834,3356.106,179.944,0.015
lesions:D1_5F_Ev_2_August,17,206745,12161.471,28.285,255,413.143,121.491,11.672,80.575
leaf:D1_5F_Ev_3_August,1,303826,303826,20.087,255,5190.611,2394.809,161.534,1.934
lesions:D1_5F_Ev_3_August,15,33439,2229.267,7.42,255,159.496,42.931,12.812,71.196
leaf:D1_5W_Ev_1_earlyAug,1,238789,238789,14.242,255,7135.707,3246.603,93.647,90.199
lesions:D1_5W_Ev_1_earlyAug,12,154654,12887.833,38.879,255,486.431,202.531,13.062,73.937
leaf:D1_5W_Ev_2_earlyAug,1,178017,178017,10.963,254.993,7024.91,2808.308,80.71,91.354
lesions:D1_5W_Ev_2_earlyAug,39,51756,1327.077,12.171,255,161.611,47.435,9.123,78.967
leaf:D1_5W_Ev_3_earlyAug_edited,1,316301,316301,13.276,254.998,8088.474,3090.817,130.298,90.132
lesions:D1_5W_Ev_3_earlyAug_edited,96,199575,2078.906,29.482,255,121.806,38.912,8.077,79.246
leaf:D1_5W_Ev_A_earlyAug,1,572165,572165,17.513,255,9521.687,3851.577,189.144,89.085
lesions:D1_5W_Ev_A_earlyAug,153,206726,1351.15,20.327,255,89.812,26.561,7.115,82.877
leaf:D1_6F_Ev_1_August,1,582006,582006,27.172,255,10784.904,4556.471,162.633,179.039
lesions:D1_6F_Ev_1_August,40,19896,497.4,1.318,255,109.934,43.25,8.468,104.672
leaf:D1_6F_Ev_2_August,1,555690,555690,41.503,255,7603.43,3586.461,197.277,179.84
lesions:D1_6F_Ev_2_August,13,8819,678.385,1.216,255,84.735,30.463,9.498,75.322
leaf:D1_6F_Ev_3_August,1,305138,305138,30.011,255,5215.211,2309.708,168.209,0.974
lesions:D1_6F_Ev_3_August,29,32984,1137.379,7.198,255,136.811,49.235,7.242,56.288
leaf:D1_6F_Ev_A_August,1,146691,146691,25.294,255,2901.862,1378.468,135.493,1.322
lesions:D1_6F_Ev_A_August,18,31143,1730.167,15.256,255,234.809,72.984,10.814,79.76
leaf:D1_6W_Ev_1_earlyAug_edited,1,343616,343616,16.193,255,7830.013,3351.855,130.526,86.419
lesions:D1_6W_Ev_1_earlyAug_edited,42,39354,937,3.649,255,101.593,32.064,7.458,79.379
leaf:D1_6W_Ev_2_earlyAug,1,81341,81341,7.611,255,4516.604,1917.017,54.025,86.27
lesions:D1_6W_Ev_2_earlyAug,7,18916,2702.286,5.331,255,378.456,153.83,9.011,88.391
leaf:D1_6W_Ev_A_earlyAug,1,411914,411914,14.377,255,8622.266,3598.963,145.727,89.432
lesions:D1_6W_Ev_A_earlyAug,109,189249,1736.229,26.325,255,152.294,46.057,7.864,78.286
leaf:D1_7F_Ev_1_August,1,531246,531246,28.241,255,8697.576,3670.039,184.304,0.653
lesions:D1_7F_Ev_1_August,47,52015,1106.702,4.502,255,114.205,35.714,10.409,90.266
leaf:D1_7F_Ev_2_August,1,417242,417242,24.805,254.997,6851.204,3250.717,163.425,179.878
lesions:D1_7F_Ev_2_August,28,89337,3190.607,15.64,255,186.841,56.899,11.352,79.796
leaf:D1_7F_Ev_3_August,1,638256,638256,46.4,255,9630.899,4246.246,191.381,1.22
lesions:D1_7F_Ev_3_August,44,117772,2676.636,11.259,255,221.711,64.762,11.346,81.473
leaf:D1_7F_Ev_A_August_edited,1,212766,212766,28.328,255,3769.558,1713.969,158.055,177.467
lesions:D1_7F_Ev_A_August_edited,28,28355,1012.679,8.708,255,129.426,39.415,9.807,75.585
leaf:D1_7W_Ev_1_earlyAug_edited,1,244773,244773,8.959,255,6754.778,2801.783,111.234,89.57
lesions:D1_7W_Ev_1_earlyAug_edited,21,154282,7346.762,34.594,255,298.854,114.085,12.438,89.406
leaf:D1_7W_Ev_2_earlyAug,1,140036,140036,5.749,254.985,6311.371,2640.955,67.513,89.602
lesions:D1_7W_Ev_2_earlyAug,11,41153,3741.182,15.773,255,331.17,113.358,9.521,80.022
leaf:D1_7W_Ev_3_earlyAug,1,231881,231881,7.37,255,7313.111,2901.475,101.755,92.664
lesions:D1_7W_Ev_3_earlyAug,18,153838,8546.556,23.009,255,400.723,144.109,9.367,82.299
leaf:D1_8F_Ev_1_August,1,517643,517643,30.904,255,8570.993,3572.443,184.491,1.43
lesions:D1_8F_Ev_1_August,5,1638,327.6,0.182,255,76.721,28.311,13.5,114.281
leaf:D1_8F_Ev_2_August,1,453699,453699,36.416,255,7513.153,3599.481,160.486,177.572
lesions:D1_8F_Ev_2_August,21,18728,891.81,2.127,255,126.536,41.222,10.341,104.359
leaf:D1_8F_Ev_3_August,1,435703,435703,38.978,255,7549.856,3169.516,175.028,179.064
lesions:D1_8F_Ev_3_August,20,5369,268.45,0.794,255,64.141,24.289,8.334,62.25
leaf:D1_8F_Ev_A_August,1,242905,242905,22.838,255,7600.067,3201.545,96.602,179.234
lesions:D1_8F_Ev_A_August,27,13081,484.481,2.445,255,102.608,40.085,8.472,74.181
leaf:D1_8W_Ev_1_earlyAug,1,276043,276043,8.335,255,9956.145,4249.638,82.706,86.027
lesions:D1_8W_Ev_1_earlyAug,51,96691,1895.902,5.615,255,185.052,60.835,8.779,76.063
leaf:D1_8W_Ev_2_earlyAug,1,271517,271517,7.998,254.99,8933.549,3440.553,100.48,87.156
lesions:D1_8W_Ev_2_earlyAug,19,7219,379.947,0.762,255,93.254,36.845,7.425,85.441
leaf:D1_8W_Ev_3_earlyAug_edited,1,204885,204885,8.45,255,7491.385,2828.99,92.212,86.197
lesions:D1_8W_Ev_3_earlyAug_edited,32,95410,2981.562,11.666,255,262.551,83.382,6.588,71.923
leaf:D1_8W_Ev_A_earlyAug,1,297434,297434,11.964,255,5668.518,2214.977,170.975,92.831
lesions:D1_8W_Ev_A_earlyAug,24,18602,775.083,3.049,255,163.242,62.855,8.572,79.41
leaf:D1_9F_Ev_1_August,1,108407,108407,12.519,255,4753.391,2127.518,64.878,177.977
lesions:D1_9F_Ev_1_August,5,453,90.6,0.155,255,40.336,17.5,5.22,83.426
leaf:D1_9F_Ev_2_August,1,41556,41556,6.967,254.994,3593.82,1398.668,37.829,178.887
lesions:D1_9F_Ev_2_August,10,1221,122.1,1.396,255,44.906,16.757,6.852,87.932
leaf:D1_9F_Ev_3_August,1,56098,56098,11.8,254.995,2909.217,1262.444,56.578,178.568
lesions:D1_9F_Ev_3_August,6,1655,275.833,1.461,255,55.853,19.418,9.759,129.657
leaf:D1_9F_Ev_A_August,2,1098281,549140.5,22.834,254.957,7177.433,2808.204,249.61,179.172
lesions:D1_9F_Ev_A_August,39,10117,259.41,0.337,255,61.618,23.474,6.843,71.74
leaf:D1_9W_Ev_1_earlyAug,1,123096,123096,8.328,255,3363.71,1537.031,101.97,90.298
lesions:D1_9W_Ev_1_earlyAug,12,100533,8377.75,49.48,255,287.216,114.46,14.882,83.053
leaf:D1_9W_Ev_2_earlyAug,1,128468,128468,7.413,255,5176.673,2256.48,72.489,88.346
lesions:D1_9W_Ev_2_earlyAug,3,9422,3140.667,3.311,255,373.924,146.765,13.647,88.59
leaf:D1_9W_Ev_3_earlyAug,1,346657,346657,9.549,255,8925.319,3737.897,118.082,87.692
lesions:D1_9W_Ev_3_earlyAug,12,164002,13666.833,14.311,255,502.163,191.124,14.09,62.702
leaf:D1_9W_Ev_A_earlyAug,1,71915,71915,5.584,255,4007.543,1762.355,51.956,88.805
lesions:D1_9W_Ev_A_earlyAug,19,21541,1133.737,14.083,255,154.016,63.771,7.35,80.203
leaf:D2_10F_Ev_1_August,1,370929,370929,25.866,255,7244.241,2941.489,160.559,179.848
lesions:D2_10F_Ev_1_August,8,50372,6296.5,8.502,255,450.702,168.237,16.407,67.721
leaf:D2_10F_Ev_2_August,1,436020,436020,32.519,254.999,8331.027,3617.224,153.476,0.994
lesions:D2_10F_Ev_2_August,58,52158,899.276,7.745,255,127.374,50.598,8.09,79.202
leaf:D2_10F_Ev_3_August,1,344991,344991,9.319,255,8230.523,3451.164,127.278,169.83
lesions:D2_10F_Ev_3_August,21,37394,1780.667,1.279,255,226.218,75.515,9.614,143.257
leaf:D2_10W_Ev_1_earlyAug,1,222286,222286,20.294,254.99,4112.158,1920.141,147.397,174.828
lesions:D2_10W_Ev_1_earlyAug,26,12753,490.5,2.799,255,83.667,27.514,11.789,111.468
leaf:D2_10W_Ev_2_earlyAug,1,147920,147920,10.8,254.998,5792.744,2426.121,77.629,174.725
lesions:D2_10W_Ev_2_earlyAug,16,14069,879.312,1.994,255,133.89,47.658,9.475,118.249
leaf:D2_10W_Ev_3_earlyAug,1,781684,781684,6.278,254.987,11440.404,4386.618,226.888,155.278
lesions:D2_10W_Ev_3_earlyAug,38,221562,5830.579,2.351,255,187.576,63.919,10.35,129.856
leaf:D2_10W_Ev_A_earlyAug,1,171482,171482,12.933,255,5206.119,2252.639,96.925,1.889
lesions:D2_10W_Ev_A_earlyAug,26,31805,1223.269,9.323,255,188.921,56.473,10.047,63.825
leaf:D2_1F_Ev_1_August,1,341177,341177,23.627,255,7149.606,3011.563,144.244,179.525
lesions:D2_1F_Ev_1_August,27,8831,327.074,1.464,255,81.099,32.825,6.574,94.217
leaf:D2_1F_Ev_2_August,1,577140,577140,30.145,254.998,9634.047,4240.193,173.303,0.437
lesions:D2_1F_Ev_2_August,69,29255,423.986,3.323,255,86.055,33.888,7.841,68.325
leaf:D2_1F_Ev_3_August,1,570944,570944,21.344,255,9246.314,3762.158,193.226,177.173
lesions:D2_1F_Ev_3_August,21,86492,4118.667,5.23,255,237.384,95.027,11.271,113.005
leaf:D2_1F_Ev_A_August,1,540742,540742,33.751,255,7365.496,2892.76,238.006,0.093
lesions:D2_1F_Ev_A_August,98,178255,1818.929,18.682,255,133.834,42.093,11.377,88.774
leaf:D2_2F_Ev_1_August,1,492707,492707,24.476,255,8555.003,3703.946,169.369,0.302
lesions:D2_2F_Ev_1_August,33,6055,183.485,0.736,255,57.86,23.051,7.143,86.641
leaf:D2_2F_Ev_2_August,1,490693,490693,29.303,255,9317.488,4090.984,152.719,0.407
lesions:D2_2F_Ev_2_August,11,31779,2889,4.34,255,290.745,104.636,11.426,87.338
leaf:D2_2F_Ev_3_August,1,439122,439122,17.499,255,9117.438,3172.689,176.225,1.292
lesions:D2_2F_Ev_3_August,44,104385,2372.386,5.759,255,165.974,46.985,9.192,76.046
leaf:D2_2W_Ev_1_earlyAug,1,412735,412735,19.433,255,7250.057,3101.884,169.417,0.027
lesions:D2_2W_Ev_1_earlyAug,50,16148,322.96,2.571,255,75.195,29.082,8.907,92.35
leaf:D2_2W_Ev_2_earlyAug,1,170943,170943,14.47,255,4516.119,1687.576,128.973,0.666
lesions:D2_2W_Ev_2_earlyAug,27,36172,1339.704,11.052,255,157.159,48.855,9.983,88.128
leaf:D2_2W_Ev_3_earlyAug,1,819683,819683,24.404,255,10375.504,4194.776,248.798,177.368
lesions:D2_2W_Ev_3_earlyAug,105,177233,1687.933,11.089,255,137.202,39.394,10.313,92.091
leaf:D2_2W_Ev_A_earlyAug,1,287220,287220,14.072,255,7178.033,2960.597,123.522,177.694
lesions:D2_2W_Ev_A_earlyAug,15,198863,13257.533,30.034,255,558.48,197.346,11.306,104.512
leaf:D2_3F_Ev_1_August,1,589808,589808,33.477,255,8577.687,3431.776,218.827,179.808
lesions:D2_3F_Ev_1_August,64,84780,1324.688,8.952,255,139.106,43.095,9.177,89.652
leaf:D2_3F_Ev_2_August,1,750975,750975,29.618,255,9858.691,4186.245,228.408,1.936
lesions:D2_3F_Ev_2_August,75,46611,621.48,3.571,254.999,112.353,38.481,7.616,76.903
leaf:D2_3F_Ev_3_August_edited,1,536409,536409,24.26,255,8529.313,3441.632,198.446,178.796
lesions:D2_3F_Ev_3_August_edited,33,40455,1225.909,2.582,255,158.39,52.23,11.523,88.009
leaf:D2_3F_Ev_A_August,1,161611,161611,17.004,254.94,5115.8,2042.196,100.759,179.588
lesions:D2_3F_Ev_A_August,17,4140,243.529,0.999,255,67.915,25.114,8.478,110.324
leaf:D2_3W_Ev_1_earlyAug,1,373466,373466,21.755,255,7058.91,3043.902,156.218,177.401
lesions:D2_3W_Ev_1_earlyAug,70,80763,1153.757,11.153,255,110.433,33.124,7.865,102.349
leaf:D2_3W_Ev_2_earlyAug,1,373288,373288,24.914,255,6898.875,2873.098,165.426,177.969
lesions:D2_3W_Ev_2_earlyAug,38,48127,1266.5,7.347,255,112.748,40.453,8.219,90.244
leaf:D2_3W_Ev_3_earlyAug,1,388308,388308,24.31,255,7141.405,3117.714,158.581,1.136
lesions:D2_3W_Ev_3_earlyAug,32,50324,1572.625,8.561,255,151.814,57.976,7.61,65.177
leaf:D2_3W_Ev_A_earlyAug,1,83037,83037,6.805,255,4816.881,1912.861,55.271,178.901
lesions:D2_3W_Ev_A_earlyAug,12,62151,5179.25,31.874,255,353.252,149.069,10.58,151.106
leaf:D2_4F_Ev_1_August,1,349379,349379,12.941,254.999,8745.049,3501.987,127.026,3.652
lesions:D2_4F_Ev_1_August,23,207882,9038.348,13.972,255,459.151,149.024,14.776,52.012
leaf:D2_4F_Ev_2_August,1,584163,584163,26.707,255,9164.532,3747.594,198.469,179.823
lesions:D2_4F_Ev_2_August,46,28089,610.63,2.732,255,90.551,31.451,8.083,76.912
leaf:D2_4F_Ev_3_August_edited,1,287798,287798,36.83,255,6999.308,3135.822,116.855,179.032
lesions:D2_4F_Ev_3_August_edited,19,9400,494.737,1.895,255,119.425,53.728,5.84,94.357
leaf:D2_4F_Ev_A_August,1,457747,457747,20.139,255,7820.508,3417.634,170.534,175.082
lesions:D2_4F_Ev_A_August,73,80885,1108.014,6.19,255,107.472,34.938,9.294,105.667
leaf:D2_4W_Ev_1_earlyAug,1,237306,237306,22.679,255,5937.759,2646.48,114.17,0.281
lesions:D2_4W_Ev_1_earlyAug,26,33354,1282.846,9.71,255,138.465,48.799,8.202,60.105
leaf:D2_4W_Ev_2_earlyAug,1,215166,215166,32.183,255,4750.06,1984.911,138.02,179.785
lesions:D2_4W_Ev_2_earlyAug,21,27636,1316,7.833,254.998,164.062,62.34,9.618,78.557
leaf:D2_4W_Ev_3_earlyAug,1,435789,435789,26.309,255,9063.302,3912.078,141.833,2.309
lesions:D2_4W_Ev_3_earlyAug,68,187458,2756.735,18.903,255,244.939,59.845,10.32,68.552
leaf:D2_4W_Ev_A_earlyAug,1,534449,534449,25.488,255,6837.527,2641.275,257.634,177.599
lesions:D2_4W_Ev_A_earlyAug,42,115362,2746.714,10.789,255,271.917,74.819,10.45,75.855
leaf:D2_5F_Ev_1_August,1,755575,755575,25.607,255,9916.218,4110.805,234.024,179.368
lesions:D2_5F_Ev_1_August,97,80122,826,5.352,255,113.538,30.352,9.829,81.744
leaf:D2_5F_Ev_2_August,2,622838,311419,15.57,255,5783.126,2455.334,161.656,90.826
lesions:D2_5F_Ev_2_August,75,54608,728.107,2.387,255,118.573,41.171,8.218,72.624
leaf:D2_5F_Ev_A_August,1,267938,267938,12.063,255,6734.074,2842.767,120.006,178.193
lesions:D2_5F_Ev_A_August,24,43059,1794.125,4.916,255,168.219,49.93,9.463,87.781
leaf:D2_5W_Ev_1_earlyAug,1,586840,586840,20.943,255,8725.216,4120.159,181.349,176.506
lesions:D2_5W_Ev_1_earlyAug,63,286561,4548.587,22.037,255,201.941,68.015,10.043,78.536
leaf:D2_5W_Ev_2_earlyAug,1,544579,544579,34.761,255,6867.077,3153.853,219.852,178.825
lesions:D2_5W_Ev_2_earlyAug,39,246202,6312.872,33.745,255,237.967,61.144,14.605,103.001
leaf:D2_5W_Ev_3_earlyAug,1,645022,645022,33.293,255,9628.03,4583.756,179.169,0.048
lesions:D2_5W_Ev_3_earlyAug,13,201753,15519.462,23.061,255,420.055,159.857,20.358,82.395
leaf:D2_5W_Ev_A_earlyAug,1,497068,497068,22.466,254.996,9301.979,3643.617,173.697,0.498
lesions:D2_5W_Ev_A_earlyAug,20,95863,4793.15,11.881,255,272.626,96.186,13.625,83.532
leaf:D2_6W_Ev_1_earlyAug,1,536465,536465,27.698,255,9930.19,3991.204,171.138,179.335
lesions:D2_6W_Ev_1_earlyAug,31,24310,784.194,2.954,255,129.953,41.485,8.796,86.83
leaf:D2_6W_Ev_2_earlyAug,1,446546,446546,24.632,254.997,7575.268,3301.306,172.223,176.98
lesions:D2_6W_Ev_2_earlyAug,36,77256,2146,8.335,255,198.275,61.458,9.994,101.221
leaf:D2_6W_Ev_3_earlyAug,1,409293,409293,23.186,254.999,6801.191,3109.926,167.569,176.311
lesions:D2_6W_Ev_3_earlyAug,77,268161,3482.61,31.294,255,152.884,48.148,10.993,73.55
leaf:D2_7F_Ev_1_August,1,455331,455331,36.774,255,8490.067,3797.311,152.673,0.765
lesions:D2_7F_Ev_1_August,74,69188,934.973,10.126,255,123.807,41.37,7.608,77.265
leaf:D2_7F_Ev_2_August,1,464300,464300,24.72,254.995,8649.656,3306.333,178.798,4.293
lesions:D2_7F_Ev_2_August,63,117464,1864.508,8.545,255,174.502,50.81,10.01,59.244
leaf:D2_7F_Ev_3_August_edited,1,486259,486259,46.74,255,9209.569,3917.348,158.047,0.177
lesions:D2_7F_Ev_3_August_edited,64,93235,1456.797,12.429,255,180.51,52.326,10.222,76.273
leaf:D2_7F_Ev_A_August,1,311718,311718,24.717,255,6352.587,2678.24,148.191,0.469
lesions:D2_7F_Ev_A_August,42,25485,606.786,5.314,255,105.038,37.033,8.015,76.947
leaf:D2_7W_Ev_1_earlyAug,2,482965,241482.5,18.705,255,6138.802,2624.454,116.542,89.721
lesions:D2_7W_Ev_1_earlyAug,70,38724,553.2,2.488,255,91.774,29.289,7.623,87.496
leaf:D2_7W_Ev_2_earlyAug,1,530031,530031,38.691,254.997,8383.417,3868.235,174.461,0.493
lesions:D2_7W_Ev_2_earlyAug,64,87189,1362.328,11.87,255,129.448,41.756,8.506,77.924
leaf:D2_7W_Ev_3_earlyAug,1,365209,365209,21.71,255,7410.123,3132.98,148.421,178.068
lesions:D2_7W_Ev_3_earlyAug,37,128062,3461.135,20.029,255,218.493,60.219,14.227,106.28
leaf:D2_7W_Ev_A_earlyAug,1,533383,533383,8.827,254.996,10864.196,4204.862,161.509,170.315
lesions:D2_7W_Ev_A_earlyAug,45,155970,3466,3.992,255,168.673,47.72,8.397,83.297
leaf:D2_8F_Ev_1_August_edited,1,587112,587112,33.671,255,9488.446,3906.827,191.34,1.321
lesions:D2_8F_Ev_1_August_edited,42,10565,251.548,1.029,255,62.779,24.643,7.774,61.379
leaf:D2_8F_Ev_2_August,2,503023,251511.5,35.807,254.999,5052.644,2183.347,146.753,89.779
lesions:D2_8F_Ev_2_August,39,129270,3314.615,14.246,255,198.806,69.909,11.095,73.082
leaf:D2_8F_Ev_3_August,1,678755,678755,34.524,254.999,9994.539,4596.257,188.026,179.812
lesions:D2_8F_Ev_3_August,98,47965,489.439,5.088,255,90.268,32.055,10.023,80.54
leaf:D2_8F_Ev_A_August,1,708607,708607,34.811,255,7887.018,3542.961,254.653,178.832
lesions:D2_8F_Ev_A_August,97,401392,4138.062,38.012,255,163.445,45.756,9.729,90.815
leaf:D2_8W_Ev_1_earlyAug,1,369166,369166,25.34,254.998,7035.613,2937.388,160.019,178.991
lesions:D2_8W_Ev_1_earlyAug,20,55681,2784.05,9.491,255,216.34,60.07,9.985,86.334
leaf:D2_8W_Ev_2_earlyAug,1,390160,390160,26.781,254.997,7984.907,3067.705,161.934,177.842
lesions:D2_8W_Ev_2_earlyAug,11,58960,5360,8.36,255,388.803,98.94,15.852,97.784
leaf:D2_8W_Ev_3_earlyAug,1,340260,340260,21.146,255,7698.397,3100.751,139.719,179.072
lesions:D2_8W_Ev_3_earlyAug,33,8766,265.636,1.672,255,58.044,20.558,8.006,95.862
leaf:D2_8W_Ev_A_earlyAug,1,410583,410583,23.279,254.997,8014.588,3033.182,172.351,178.005
lesions:D2_8W_Ev_A_earlyAug,55,77856,1415.564,8.919,255,142.13,34.237,9.322,82
leaf:D2_9F_Ev_A_August_edited,1,646793,646793,27.029,255,9092.581,3664.187,224.749,0.505
lesions:D2_9F_Ev_A_August_edited,92,156379,1699.772,14.087,255,178.308,52.385,9.414,89.086
leaf:D2_9W_Ev_1_earlyAug,1,250537,250537,17.743,255,7001.638,2928.366,108.932,179.038
lesions:D2_9W_Ev_1_earlyAug,58,94870,1635.69,21.334,255,128.71,41.554,8.514,84.998
leaf:D2_9W_Ev_2_earlyAug,1,329298,329298,16.271,255,7608.255,3078.954,136.175,178.653
lesions:D2_9W_Ev_2_earlyAug,59,124977,2118.254,21.455,255,137.36,48.122,9.081,80.316
leaf:D2_9W_Ev_3_earlyAug,1,392544,392544,20.33,255,10006.713,4155.035,120.288,179.413
lesions:D2_9W_Ev_3_earlyAug,43,201922,4695.86,21.442,255,241,81.433,8.655,72.719
leaf:D2_9W_Ev_A_earlyAug,1,163576,163576,10.749,255,5408.93,2401.873,86.712,178.871
lesions:D2_9W_Ev_A_earlyAug,22,22514,1023.364,8.326,255,163.849,63.884,8.396,97.934
leaf:D3_10F_Ev_1_earlyAug,1,533786,533786,28.435,254.995,8870.751,3916.254,173.543,89.382
lesions:D3_10F_Ev_1_earlyAug,56,192236,3432.786,24.793,255,293.751,98.689,14.472,86.828
leaf:D3_10F_Ev_2_earlyAug,1,483313,483313,32.183,255,8710.751,3768.198,163.307,89.041
lesions:D3_10F_Ev_2_earlyAug,18,400556,22253.111,53.777,255,668.546,212.844,18.193,83.105
leaf:D3_10F_Ev_3_earlyAug,2,524158,262079,28.079,254.765,4445.006,1788.518,107.988,124.693
lesions:D3_10F_Ev_3_earlyAug,85,206745,2432.294,13.972,255,202.693,58.537,11.168,79.069
leaf:D3_10F_Ev_A_earlyAug,1,202324,202324,16.039,255,5577.918,2265.336,113.717,90.139
lesions:D3_10F_Ev_A_earlyAug,24,146214,6092.25,43.285,255,344.306,108.473,12.312,70.656
leaf:D3_10W_Ev_1_earlyAug,1,648681,648681,14.92,255,10272.294,4280.34,192.958,88.144
lesions:D3_10W_Ev_1_earlyAug,130,292430,2249.462,18.469,255,148.766,43.847,7.759,80.834
leaf:D3_10W_Ev_3_earlyAug,1,666113,666113,17.587,255,9875.303,4140.743,204.823,92.052
lesions:D3_10W_Ev_3_earlyAug,62,80173,1293.113,6.602,255,141.08,44.344,9.568,86.944
leaf:D3_10W_Ev_A_earlyAug,1,64142,64142,9.777,255,1937.543,820.61,99.521,89.532
lesions:D3_10W_Ev_A_earlyAug,5,5645,1129,5.602,255,156.173,52.247,20.582,91.242
leaf:D3_1F_Ev_1_earlyAug,1,564831,564831,17.285,255,11634.976,5322.029,135.13,90.573
lesions:D3_1F_Ev_1_earlyAug,71,113511,1598.746,12.388,255,183.899,56.933,8.016,65.087
leaf:D3_1F_Ev_2_earlyAug,1,904153,904153,29.285,255,11647.029,5085.325,226.378,91.38
lesions:D3_1F_Ev_2_earlyAug,143,76715,536.469,5.201,255,83.021,26.38,7.951,79.127
leaf:D3_1F_Ev_3_earlyAug,1,748873,748873,33.565,255,9902.238,4389.589,217.217,90.689
lesions:D3_1F_Ev_3_earlyAug,75,20415,272.2,1.814,255,64.392,24.353,7.045,87.849
leaf:D3_1F_Ev_A_earlyAug,1,889856,889856,34.355,255,10372.588,4272.178,265.204,89.305
lesions:D3_1F_Ev_A_earlyAug,51,581585,11403.627,38.25,255,342.315,84.967,9.63,64.917
leaf:D3_1W_Ev_1_earlyAug,1,405141,405141,15.283,255,8544.217,3763.576,137.062,90.56
lesions:D3_1W_Ev_1_earlyAug,10,371708,37170.8,58.965,255,949.325,370.319,21.004,88.173
leaf:D3_1W_Ev_2_earlyAug,1,482860,482860,17.478,255,8139.101,3421.074,179.709,90.554
lesions:D3_1W_Ev_2_earlyAug,26,113600,4369.231,15.196,255,345.793,73.23,11.015,83.597
leaf:D3_1W_Ev_3_earlyAug,1,364625,364625,14.584,255,10170.785,4477.258,103.692,90.485
lesions:D3_1W_Ev_3_earlyAug,77,134712,1749.506,22.239,255,153.606,52.668,7.133,78.489
leaf:D3_1W_Ev_A_earlyAug,1,1038943,1038943,25.084,255,12904.371,4963.84,266.492,91.765
lesions:D3_1W_Ev_A_earlyAug,146,230973,1582.007,11.933,254.922,190.418,64.04,9.203,81.155
leaf:D3_2F_Ev_1_earlyAug,1,608342,608342,34.296,255,9324.272,4052.753,191.121,89.122
lesions:D3_2F_Ev_1_earlyAug,46,161191,3504.152,16.45,255,193.548,65.268,13.01,82.02
leaf:D3_2F_Ev_2_earlyAug,6,538807,89801.167,24.392,247.176,3132.054,715.745,76.597,92.182
lesions:D3_2F_Ev_2_earlyAug,21,7008,333.714,0.707,255,72.656,29.425,6.898,96.545
leaf:D3_2F_Ev_3_earlyAug,1,497337,497337,29.616,255,8469.631,3586.487,176.56,90.581
lesions:D3_2F_Ev_3_earlyAug,49,290672,5932.082,36.486,255,174.768,61.552,10.085,73.671
leaf:D3_2F_Ev_A_earlyAug,1,539179,539179,29.103,255,8381.128,3600.483,190.67,90.121
lesions:D3_2F_Ev_A_earlyAug,54,284171,5262.426,34.13,255,212.56,70.119,12.991,73.439
leaf:D3_2W_Ev_1_earlyAug,1,271011,271011,14.31,255,7381.516,3377.698,102.159,87.61
lesions:D3_2W_Ev_1_earlyAug,12,25327,2110.583,3.718,255,187.782,70.695,12.117,77.976
leaf:D3_2W_Ev_2_earlyAug,1,1140299,1140299,26.23,255,11155.438,4462.025,325.384,86.178
lesions:D3_2W_Ev_2_earlyAug,181,191416,1057.547,8.107,255,125.269,39.164,9.005,78.629
leaf:D3_2W_Ev_3_earlyAug,1,583189,583189,18.345,255,9035.284,3723.089,199.442,89.473
lesions:D3_2W_Ev_3_earlyAug,30,129419,4313.967,13.869,255,268.548,82.341,16.84,67.625
leaf:D3_2W_Ev_A_earlyAug,1,317643,317643,13.463,255,7958.962,3491.056,115.849,88.638
lesions:D3_2W_Ev_A_earlyAug,26,180491,6941.962,28.157,255,320.345,118.68,12.674,83.162
leaf:D3_3F_Ev_1_earlyAug,1,496682,496682,21.544,255,8797.284,3920.148,161.319,90.913
lesions:D3_3F_Ev_1_earlyAug,86,47977,557.872,6.208,255,99.322,33.448,7.879,81.746
leaf:D3_3F_Ev_2_earlyAug,1,880171,880171,27.615,255,9424.107,3770.125,297.25,91.923
lesions:D3_3F_Ev_2_earlyAug,29,22394,772.207,1.587,255,141.136,51.058,10.702,89.202
leaf:D3_3F_Ev_3_earlyAug,1,986303,986303,37.567,254.996,12315.106,5078.373,247.284,89.435
lesions:D3_3F_Ev_3_earlyAug,37,30292,818.703,2.05,255,141.235,56.611,9.993,78.399
leaf:D3_3F_Ev_A_earlyAug,1,132635,132635,22.866,255,3675.945,1693.327,99.73,89.931
lesions:D3_3F_Ev_A_earlyAug,11,7518,683.455,3.697,255,129.331,45.584,10.669,71.917
leaf:D3_3W_Ev_1_earlyAug,1,535508,535508,18.348,255,9010.388,3880.2,175.72,87.666
lesions:D3_3W_Ev_1_earlyAug,73,67775,928.425,6.529,255,126.515,40.863,10.28,82.315
leaf:D3_3W_Ev_2_earlyAug,1,433271,433271,16.296,255,8859.613,4039.208,136.576,89.781
lesions:D3_3W_Ev_2_earlyAug,52,185505,3567.404,30.295,255,232.199,65.308,13.385,83.809
leaf:D3_3W_Ev_3_earlyAug,1,482280,482280,14.213,254.999,8140.782,3438.438,178.586,90.206
lesions:D3_3W_Ev_3_earlyAug,35,17659,504.543,2.423,255,93.629,37.302,7.216,70.756
leaf:D3_3W_Ev_A_earlyAug,1,484536,484536,16.818,255,8301.738,3466.178,177.986,90.28
lesions:D3_3W_Ev_A_earlyAug,99,276959,2797.566,35.36,255,137.486,40.67,8.881,74.928
leaf:D3_4F_Ev_1_earlyAug,1,659835,659835,32.333,255,9698.211,4117.854,204.021,90.473
lesions:D3_4F_Ev_1_earlyAug,10,11745,1174.5,1.222,255,164.11,55.161,14.574,84.292
leaf:D3_4F_Ev_2_earlyAug,1,522157,522157,31.186,255,7496.456,3053.717,217.712,91.308
lesions:D3_4F_Ev_2_earlyAug,14,5733,409.5,0.649,255,94.064,34.988,11.083,74.36
leaf:D3_4F_Ev_3_earlyAug,1,571771,571771,24.106,255,8780.848,3519.574,206.844,89.8
lesions:D3_4F_Ev_3_earlyAug,30,111318,3710.6,11.836,255,251.108,78.355,12.327,72.301
leaf:D3_4F_Ev_A_earlyAug,1,494404,494404,21.151,255,8749.344,3456.573,182.115,90.96
lesions:D3_4F_Ev_A_earlyAug,39,155166,3978.615,18.207,255,193.661,63.768,11.844,71.923
leaf:D3_4W_Ev_1_earlyAug,1,393657,393657,16.862,255,7851.236,3417.906,146.645,90.545
lesions:D3_4W_Ev_1_earlyAug,75,53627,715.027,8.637,255,112.159,37.631,8.35,82.221
leaf:D3_4W_Ev_2_earlyAug,1,386282,386282,15.251,255,8371.167,3415.682,143.992,89.39
lesions:D3_4W_Ev_2_earlyAug,42,67659,1610.929,10.19,255,172.761,48.096,10.016,87.328
leaf:D3_4W_Ev_3_earlyAug,1,318389,318389,16.568,255,5777.856,2390.934,169.551,90.959
lesions:D3_4W_Ev_3_earlyAug,31,103728,3346.065,18.663,255,145.148,49.453,11.534,88.235
leaf:D3_4W_Ev_A_earlyAug,1,244712,244712,12.41,255,4807.675,2204.6,141.33,89.021
lesions:D3_4W_Ev_A_earlyAug,8,1936,242,0.552,255,81.123,30.843,8.6,94.54
leaf:D3_5F_Ev_1_earlyAug,1,465865,465865,23.149,255,7972.474,3415.014,173.691,92.051
lesions:D3_5F_Ev_1_earlyAug,35,26103,745.8,3.098,254.999,118.076,42.921,9.849,75.505
leaf:D3_5F_Ev_2_earlyAug,1,323759,323759,32.591,255,6521.496,3024.854,136.279,90.254
lesions:D3_5F_Ev_2_earlyAug,52,71221,1369.635,16.094,255,161.473,46.281,10.859,79.645
leaf:D3_5F_Ev_3_earlyAug,1,701929,701929,41.211,255,10302.007,4340.863,205.886,89.193
lesions:D3_5F_Ev_3_earlyAug,205,132098,644.38,12.342,254.938,82.226,23.738,8.007,77.681
leaf:D3_5F_Ev_A_earlyAug,1,435016,435016,35.761,255,8863.118,3929.024,140.971,89.045
lesions:D3_5F_Ev_A_earlyAug,100,87587,875.87,11.474,255,114.328,30.077,7.136,77.256
leaf:D3_5W_Ev_1_earlyAug,1,445086,445086,12.986,255,8564.415,3516.865,161.138,92.475
lesions:D3_5W_Ev_1_earlyAug,88,142893,1623.784,14.444,255,137.28,38.384,7.705,83.504
leaf:D3_5W_Ev_2_earlyAug,1,596339,596339,12.108,255,9816.252,4015.748,189.076,90.843
lesions:D3_5W_Ev_2_earlyAug,92,241017,2619.75,21.083,255,172.955,43.931,9.192,83.879
leaf:D3_5W_Ev_3_earlyAug,1,632024,632024,14.714,255,8524.52,3374.607,238.463,93.882
lesions:D3_5W_Ev_3_earlyAug,48,305472,6364,23.345,255,322.641,81.574,9.96,67.638
leaf:D3_5W_Ev_A_earlyAug,1,81207,81207,5.676,255,4179.626,1880.242,54.991,91.543
lesions:D3_5W_Ev_A_earlyAug,28,8578,306.357,4.714,255,81.211,33.903,6.955,78.912
leaf:D3_6F_Ev_1_earlyAug,1,282786,282786,24.982,255,6644.608,2893.21,124.448,88.687
lesions:D3_6F_Ev_1_earlyAug,42,144813,3447.929,32.493,255,227.646,75.742,12.072,77.986
leaf:D3_6F_Ev_2_earlyAug,1,411624,411624,26.389,255,8023.863,3648.84,143.634,89.267
lesions:D3_6F_Ev_2_earlyAug,85,188981,2223.306,31.443,254.945,159.399,46.266,9.063,87.681
leaf:D3_6F_Ev_3_earlyAug_edited,1,516883,516883,29.831,255,8904.218,3827.742,171.933,89.659
lesions:D3_6F_Ev_3_earlyAug_edited,55,40077,728.673,5.444,255,98.716,32.328,8.748,81.391
leaf:D3_6F_Ev_A_earlyAug,1,321852,321852,24.638,255,6526.025,2835.529,144.521,89.689
lesions:D3_6F_Ev_A_earlyAug,28,153992,5499.714,32.361,255,363.872,80.852,10.095,83.234
leaf:D3_6W_Ev_1_earlyAug,1,673110,673110,21.255,255,8453.954,3458.967,247.771,90.406
lesions:D3_6W_Ev_1_earlyAug,52,106474,2047.577,8.952,255,182.282,52.359,10.535,77.16
leaf:D3_6W_Ev_2_earlyAug,1,620058,620058,18.15,255,8804.013,3685.437,214.217,91.049
lesions:D3_6W_Ev_2_earlyAug,24,11731,488.792,1.128,255,84.803,33.449,9.08,77.324
leaf:D3_6W_Ev_3_earlyAug,1,539103,539103,22.383,255,8995.385,3953.682,173.612,89.612
lesions:D3_6W_Ev_3_earlyAug,90,176307,1958.967,22.05,255,167.262,46.067,9.491,86.178
leaf:D3_6W_Ev_A_earlyAug,1,183650,183650,13.626,255,4761.208,2096.434,111.537,89.981
lesions:D3_6W_Ev_A_earlyAug,7,122641,17520.143,40,255,707.549,254.448,23.534,81.611
leaf:D3_7F_Ev_1_earlyAug,1,763755,763755,35.543,254.993,10682.225,4540.109,214.189,90.154
lesions:D3_7F_Ev_1_earlyAug,61,95737,1569.459,8.692,255,135.771,47.908,11.186,73.021
leaf:D3_7F_Ev_2_earlyAug,1,626025,626025,38.559,255,8444.55,3396.003,234.711,89.155
lesions:D3_7F_Ev_2_earlyAug,82,388842,4741.976,36.418,255,171.161,51.707,10.685,76.888
leaf:D3_7F_Ev_3_earlyAug,1,571598,571598,31.108,255,11150.366,4873.992,149.319,88.977
lesions:D3_7F_Ev_3_earlyAug,41,293556,7159.902,30.492,255,292.826,92.844,11.808,91.511
leaf:D3_7F_Ev_A_earlyAug,1,336006,336006,28.853,255,6213.641,2625.991,162.916,87.859
lesions:D3_7F_Ev_A_earlyAug,50,240325,4806.5,41.782,255,217.713,64.157,7.654,78.699
leaf:D3_7W_Ev_1_earlyAug,1,452048,452048,12.338,255,8929.36,3827.56,150.374,90.981
lesions:D3_7W_Ev_1_earlyAug,13,348970,26843.846,44.47,255,718.515,261.473,15.966,47.441
leaf:D3_7W_Ev_2_earlyAug,1,652268,652268,19.531,255,9461.607,4042.133,205.459,90.378
lesions:D3_7W_Ev_2_earlyAug,141,293169,2079.213,30.261,255,133.459,33.983,8.067,76.478
leaf:D3_7W_Ev_3_earlyAug,1,620439,620439,18.185,255,10568.752,4324.129,182.688,90.474
lesions:D3_7W_Ev_3_earlyAug,77,497077,6455.545,45.856,255,191.821,65.125,9.154,82.58
leaf:D3_7W_Ev_A_earlyAug,1,438866,438866,14.708,255,8493.185,3694.26,151.257,91.399
lesions:D3_7W_Ev_A_earlyAug,43,375079,8722.767,51.147,255,258.187,92.429,8.402,67.686
leaf:D3_8F_Ev_1_earlyAug,1,533615,533615,30.06,255,8593.586,3700.816,183.586,89.063
lesions:D3_8F_Ev_1_earlyAug,52,16552,318.308,2.048,255,80.411,29.887,8.786,88.713
leaf:D3_8F_Ev_2_earlyAug,1,733606,733606,33.847,254.99,9460.103,3457.618,270.144,90.61
lesions:D3_8F_Ev_2_earlyAug,94,36870,392.234,3.071,255,89.552,29.071,9.142,85.268
leaf:D3_8F_Ev_3_earlyAug,1,332819,332819,22.463,254.995,7159.239,3264.602,129.804,90.375
lesions:D3_8F_Ev_3_earlyAug,18,154267,8570.389,32.562,255,366.525,124.697,11.722,87.966
leaf:D3_8F_Ev_A_earlyAug,1,322875,322875,25.165,255,6033.291,2449.413,167.835,89.313
lesions:D3_8F_Ev_A_earlyAug,48,177872,3705.667,32.982,255,199.834,50.573,10.027,72.019
leaf:D3_8W_Ev_1_earlyAug,1,626119,626119,30.084,255,9850.855,4364.398,182.66,88.745
lesions:D3_8W_Ev_1_earlyAug,107,215876,2017.533,20.94,255,127.555,36.352,8.007,69.659
leaf:D3_8W_Ev_2_earlyAug,1,743939,743939,24.752,254.999,10196.017,4254.044,222.662,89.821
lesions:D3_8W_Ev_2_earlyAug,58,213315,3677.845,17.986,255,263.191,72.277,11.359,86.02
leaf:D3_8W_Ev_3_earlyAug,1,512940,512940,26.675,255,8726.647,3572.445,182.815,88.259
lesions:D3_8W_Ev_3_earlyAug,38,143139,3766.816,15.085,255,253.322,87.543,11.627,88.97
leaf:D3_8W_Ev_A_earlyAug,1,700375,700375,21.785,255,9450.877,3773.286,236.331,92.593
lesions:D3_8W_Ev_A_earlyAug,60,192663,3211.05,14.789,255,166.244,44.886,8.365,87.08
leaf:D3_9F_Ev_1_earlyAug,1,446608,446608,28.47,255,8369.479,3556.011,159.909,89.896
lesions:D3_9F_Ev_1_earlyAug,17,308064,18121.412,43.57,255,670.035,190.288,17.523,77.106
leaf:D3_9F_Ev_2_earlyAug,1,450461,450461,27.439,255,8775.939,3863.245,148.462,89.298
lesions:D3_9F_Ev_2_earlyAug,25,310389,12415.56,44.412,255,454.652,168.874,11.655,73.822
leaf:D3_9F_Ev_3_earlyAug,1,586256,586256,31.343,255,9206.471,3820.801,195.363,87.892
lesions:D3_9F_Ev_3_earlyAug,50,56140,1122.8,5.395,254.778,155.604,54.61,8.906,89.998
leaf:D3_9F_Ev_A_earlyAug,1,183366,183366,14.481,254.999,6662.192,2793.84,83.566,90.503
lesions:D3_9F_Ev_A_earlyAug,10,163386,16338.6,52.573,255,748.721,289.895,16.275,98.047
leaf:D3_9W_Ev_1_earlyAug,1,306333,306333,17.935,255,7723.479,2943.827,132.493,88.531
lesions:D3_9W_Ev_1_earlyAug,23,142395,6191.087,16.44,255,405.639,136.657,9.274,85.814
leaf:D3_9W_Ev_2_earlyAug,1,520364,520364,23.444,255,9562.064,4132.394,160.33,89.261
lesions:D3_9W_Ev_2_earlyAug,56,168160,3002.857,20.907,255,186.011,63.981,9.782,85.977
leaf:D3_9W_Ev_3_earlyAug,1,352490,352490,25.186,255,8188.376,3413.885,131.464,88.111
lesions:D3_9W_Ev_3_earlyAug,19,95388,5020.421,12.421,255,275.908,100.26,9.781,73.359
leaf:D3_9W_Ev_A_earlyAug,1,154212,154212,10.137,254.998,5209.793,2240.628,87.631,90.112
lesions:D3_9W_Ev_A_earlyAug,21,68006,3238.381,27.633,255,238.787,79.5,11.648,85.119
leaf:D4_10F_Ev_1_earlyAug,1,316722,316722,23.969,255,6945.08,2969.541,135.8,90.1
lesions:D4_10F_Ev_1_earlyAug,14,287581,20541.5,62.277,255,634.671,217.013,22.386,95.532
leaf:D4_10F_Ev_2_earlyAug,1,453403,453403,36.069,255,7198.116,3106.675,185.823,88.827
lesions:D4_10F_Ev_2_earlyAug,57,164569,2887.175,22.818,255,217.862,53.744,10.143,94.14
leaf:D4_10F_Ev_3_earlyAug,1,430381,430381,22.75,254.999,9103.854,3844.577,142.533,90.145
lesions:D4_10F_Ev_3_earlyAug,22,72640,3301.818,10.54,255,226.33,68.255,9.589,89.547
leaf:D4_10W_Ev_1_August_edited,1,300522,300522,11.522,254.461,10025.635,3101.724,123.363,2.655
lesions:D4_10W_Ev_1_August_edited,12,3813,317.75,0.362,255,90.808,39.452,6.107,50.686
leaf:D4_10W_Ev_3_August,1,273212,273212,32.538,255,5652.944,2376.434,146.381,178.84
lesions:D4_10W_Ev_3_August,15,48955,3263.667,10.407,255,337.55,110.292,12.482,101.484
leaf:D4_1F_Ev_1_earlyAug,1,408032,408032,24.189,255,8034.415,3436.827,151.163,89.249
lesions:D4_1F_Ev_1_earlyAug,72,66399,922.208,10.165,255,141.055,51.939,9.866,80.794
leaf:D4_1F_Ev_2_earlyAug,1,325539,325539,24.499,254.992,7393.243,3042.047,136.253,89
lesions:D4_1F_Ev_2_earlyAug,43,6613,153.791,1.227,255,49.188,17.741,7.25,89.19
leaf:D4_1F_Ev_3_earlyAug,1,283182,283182,20.246,255,7141.305,3069.924,117.449,89.197
lesions:D4_1F_Ev_3_earlyAug,50,58851,1177.02,13.013,255,143.297,50.677,9.284,80.883
leaf:D4_1F_Ev_A_earlyAug,1,190479,190479,15.361,254.997,8000.508,3413.662,71.046,89.876
lesions:D4_1F_Ev_A_earlyAug,10,59118,5911.8,12.392,255,464.886,194.545,10.665,94.42
leaf:D4_1W_Ev_1_August,1,339612,339612,19.663,255,6798.962,2936.473,147.254,2.744
lesions:D4_1W_Ev_1_August,40,61522,1538.05,8.477,255,180.47,68.769,11.116,61.453
leaf:D4_1W_Ev_2_August,1,187290,187290,15.068,255,5059.148,2202.442,108.273,179.908
lesions:D4_1W_Ev_2_August,21,30515,1453.095,10.991,255,186.626,70.172,9.504,79.53
leaf:D4_1W_Ev_3_August,1,211037,211037,17.332,254.999,6352.064,2340.513,114.804,3.364
lesions:D4_1W_Ev_3_August,12,8063,671.917,0.971,255,137.408,54.949,12.444,74.572
leaf:D4_2F_Ev_1_earlyAug,1,443177,443177,26.64,255,9154.463,3823.762,147.569,90.234
lesions:D4_2F_Ev_1_earlyAug,105,135112,1286.781,15.6,255,134.459,43.133,8.424,81.654
leaf:D4_2F_Ev_2_earlyAug,1,454724,454724,30.617,255,8228.599,3504.578,165.205,90.177
lesions:D4_2F_Ev_2_earlyAug,43,132989,3092.767,19.698,255,208.423,66.699,10.517,93.886
leaf:D4_2F_Ev_3_earlyAug,1,368049,368049,37.522,255,7524.207,3157.452,148.415,89.536
lesions:D4_2F_Ev_3_earlyAug,65,104985,1615.154,18.768,255,156.395,49.409,10.884,83.807
leaf:D4_2F_Ev_A_earlyAug,1,332856,332856,32.64,255,5689.371,2293.015,184.825,89.154
lesions:D4_2F_Ev_A_earlyAug,26,2960,113.846,0.543,255,46.549,18.478,6.064,71.498
leaf:D4_2W_Ev_1_August,1,488575,488575,22.317,255,8471.049,3319.274,187.412,2.734
lesions:D4_2W_Ev_1_August,30,111684,3722.8,9.685,255,258.479,95.529,14.147,50.776
leaf:D4_2W_Ev_2_August,1,248308,248308,13.654,255,7120.248,3026.846,104.45,0.483
lesions:D4_2W_Ev_2_August,2,232055,116027.5,26.783,255,3598.122,1531.343,49.9,37.753
leaf:D4_2W_Ev_3_August,1,260698,260698,12.255,255,6143.88,2300.998,144.255,178.991
lesions:D4_2W_Ev_3_August,7,130865,18695,11.29,255,907.806,283.041,26.556,74.684
leaf:D4_2W_Ev_A_August,1,258393,258393,13.988,255,5389.717,2362.439,139.261,179.294
lesions:D4_2W_Ev_A_August,5,129268,25853.6,31.125,255,1159.967,414.484,32.968,90.893
leaf:D4_3F_Ev_1_earlyAug,1,338598,338598,21.259,254.999,6276.04,2532.719,170.219,89.749
lesions:D4_3F_Ev_1_earlyAug,18,51405,2855.833,9.479,255,277.86,95.976,16.161,80.953
leaf:D4_3F_Ev_2_earlyAug,1,616167,616167,39.605,255,8369.073,3371.535,232.692,90.189
lesions:D4_3F_Ev_2_earlyAug,81,42999,530.852,4.314,255,87.734,31.49,9.675,84.45
leaf:D4_3F_Ev_3_earlyAug,1,199021,199021,22.097,254.995,5823.308,2412.586,105.033,89.701
lesions:D4_3F_Ev_3_earlyAug,31,27770,895.806,9,255,141.131,52.539,10.17,89.44
leaf:D4_3F_Ev_A_earlyAug,1,663631,663631,25.004,255,8976.064,3528.231,239.486,89.015
lesions:D4_3F_Ev_A_earlyAug,43,507425,11800.581,40.658,255,324.793,92.159,10.364,85.201
leaf:D4_3W_Ev_1_August,1,272847,272847,20.046,255,8316.144,3717.028,93.462,178.947
lesions:D4_3W_Ev_1_August,38,124237,3269.395,22.747,255,251.24,86.786,9.748,121.568
leaf:D4_3W_Ev_2_August,1,244656,244656,21.099,255,6538.119,2852.415,109.208,1.614
lesions:D4_3W_Ev_2_August,8,651,81.375,0.138,255,36.36,12.421,7.039,65.638
leaf:D4_3W_Ev_3_August,1,103082,103082,9.401,254.995,5346.744,1357.576,96.678,3.936
lesions:D4_3W_Ev_3_August,9,52090,5787.778,7.927,254.995,481.673,171.657,15.791,85.31
leaf:D4_3W_Ev_A_August,1,377967,377967,25.158,255,7996.469,3293.313,146.127,179.875
lesions:D4_3W_Ev_A_August,24,18196,758.167,2.976,255,139.343,52.981,8.004,76.203
leaf:D4_4F_Ev_1_earlyAug,1,512394,512394,26.527,254.999,9158.862,3866.657,168.725,89.587
lesions:D4_4F_Ev_1_earlyAug,20,6714,335.7,0.883,255,72.861,26.564,8.612,79.044
leaf:D4_4F_Ev_2_earlyAug,1,495060,495060,30.807,255,8586.346,3626.591,173.808,88.331
lesions:D4_4F_Ev_2_earlyAug,45,61089,1357.533,6.936,255,156.862,43.644,10.449,77.761
leaf:D4_4F_Ev_3_earlyAug,1,479895,479895,19.715,255,8858.596,3841.522,159.057,85.897
lesions:D4_4F_Ev_3_earlyAug,86,57922,673.512,3.844,255,105.095,39.674,9.214,84.727
leaf:D4_4F_Ev_A_earlyAug,1,623044,623044,28.069,255,9985.216,4314.686,183.857,88.752
lesions:D4_4F_Ev_A_earlyAug,61,246641,4043.295,23.261,255,203.074,65.447,10.094,80.686
leaf:D4_4W_Ev_1_August,1,488015,488015,22.386,255,9083.035,3873.459,160.415,179.223
lesions:D4_4W_Ev_1_August,71,35862,505.099,4.419,255,97.159,34.317,7.604,75.085
leaf:D4_4W_Ev_2_August,1,253748,253748,13.063,255,6096.224,1957.47,165.051,0.575
lesions:D4_4W_Ev_2_August,29,4571,157.621,0.869,255,49.626,18.293,7.58,92.035
leaf:D4_4W_Ev_3_August,1,183993,183993,29.26,255,4141.572,1650.136,141.968,178.491
lesions:D4_4W_Ev_3_August,16,26632,1664.5,6.396,255,211.503,81.09,12.278,99.925
leaf:D4_5F_Ev_1_earlyAug,1,349718,349718,30.895,255,8598.037,2960.128,150.424,88.364
lesions:D4_5F_Ev_1_earlyAug,50,77271,1545.42,13.69,255,143.422,55.44,9.476,86.553
leaf:D4_5F_Ev_2_earlyAug,1,238155,238155,18.79,254.958,7068.983,2647.43,114.537,87.779
lesions:D4_5F_Ev_2_earlyAug,17,78643,4626.059,15.359,255,279.329,97.789,15.657,79.928
leaf:D4_5F_Ev_3_earlyAug,1,526414,526414,19.13,255,9903.767,3983.02,168.277,89.444
lesions:D4_5F_Ev_3_earlyAug,48,55536,1157,6.447,255,153.836,52.495,11.33,85.512
leaf:D4_5W_Ev_2_August,1,309477,309477,19.337,254.208,7842.903,3345.367,117.786,1.731
lesions:D4_5W_Ev_2_August,5,6823,1364.6,1.15,255,203.022,87.13,9.953,35.803
leaf:D4_5W_Ev_3_August_edited,1,166006,166006,8.313,254.998,6109.302,2589.381,81.628,172.526
lesions:D4_5W_Ev_3_August_edited,3,2651,883.667,0.249,255,151.963,59.708,17.282,166.11
leaf:D4_6F_Ev_1_earlyAug,1,255871,255871,28.131,255,5001.18,2371.804,137.357,90.056
lesions:D4_6F_Ev_1_earlyAug,74,33965,458.986,10.977,255,83.556,26.4,7.75,71.163
leaf:D4_6F_Ev_2_earlyAug,1,360642,360642,28.71,254.994,7587.586,3205.313,143.257,87.722
lesions:D4_6F_Ev_2_earlyAug,45,218546,4856.578,28.198,255,203.095,67.164,10.204,81.462
leaf:D4_6F_Ev_3_earlyAug,1,353527,353527,26.187,255,8145.978,3505.529,128.404,87.795
lesions:D4_6F_Ev_3_earlyAug,57,137394,2410.421,17.958,255,152.857,46.37,8.783,81.45
leaf:D4_6F_Ev_A_earlyAug,1,699179,699179,34.239,255,10077.784,4137.956,215.136,89.321
lesions:D4_6F_Ev_A_earlyAug,210,228939,1090.186,20.746,255,98.929,28.146,8.567,84.519
leaf:D4_6W_Ev_1_August,1,257516,257516,10.877,255,8158.931,3204.917,102.305,1.967
lesions:D4_6W_Ev_1_August,23,47370,2059.565,2.978,255,307.032,120.078,9.73,80.154
leaf:D4_6W_Ev_2_August_edited,1,390541,390541,27.215,255,7488.532,3138.5,158.436,1.072
lesions:D4_6W_Ev_2_August_edited,34,49678,1461.118,7.732,255,129.109,45.13,11.132,83.208
leaf:D4_6W_Ev_3_August,1,356161,356161,9.892,254.999,8891.484,3588.209,126.38,171.434
lesions:D4_6W_Ev_3_August,39,248815,6379.872,9.913,255,283.278,89.821,10.58,105.54
leaf:D4_6W_Ev_A_August,1,215045,215045,28.122,255,5724.747,2590.074,105.713,177.806
lesions:D4_6W_Ev_A_August,25,13687,547.48,2.823,255,124.665,44.724,9.658,123.758
leaf:D4_7F_Ev_1_earlyAug,1,414158,414158,27.331,255,7517.812,3279.905,160.774,88.813
lesions:D4_7F_Ev_1_earlyAug,97,83749,863.392,13.608,255,112.414,32.956,8.523,83.693
leaf:D4_7F_Ev_2_earlyAug,1,524500,524500,26.709,255,8748.078,3722.775,179.386,88.645
lesions:D4_7F_Ev_2_earlyAug,77,72311,939.104,8.537,254.994,125.367,42.099,9.952,82.6
leaf:D4_7F_Ev_3_earlyAug,1,511520,511520,26.481,255,9338.987,3901.876,166.916,88.553
lesions:D4_7F_Ev_3_earlyAug,130,129461,995.854,14.899,255,96.168,30.394,8.899,76.921
leaf:D4_7F_Ev_A_earlyAug,1,496852,496852,30.264,255,8157.191,3421.945,184.869,88.583
lesions:D4_7F_Ev_A_earlyAug,42,417242,9934.333,50.792,255,202.246,78.863,10.545,71.428
leaf:D4_7W_Ev_1_August,1,252590,252590,20.99,255,6805.834,2986.936,107.671,0.817
lesions:D4_7W_Ev_1_August,19,3646,191.895,0.896,255,63.262,24.699,8.498,78.315
leaf:D4_7W_Ev_2_August_edited,1,565212,565212,25.232,255,9726.862,4055.369,177.456,1.413
lesions:D4_7W_Ev_2_August_edited,33,27780,841.818,2.079,255,137.132,43.388,9.614,64.039
leaf:D4_7W_Ev_3_August,1,410715,410715,20.521,255,7985.263,3329.074,157.082,0.458
lesions:D4_7W_Ev_3_August,19,12471,656.368,1.929,255,117.066,45.459,9.165,101.699
leaf:D4_7W_Ev_A_August,1,740337,740337,37.214,255,9632.425,4147.36,227.283,178.163
lesions:D4_7W_Ev_A_August,36,142443,3956.75,11.986,255,308.959,106.895,12.639,105.5
leaf:D4_8F_Ev_1_earlyAug,1,704714,704714,26.469,255,10104.824,4356.925,205.941,91.408
lesions:D4_8F_Ev_1_earlyAug,108,231576,2144.222,19.774,255,123.046,39.895,8.597,81.297
leaf:D4_8F_Ev_2_earlyAug,1,613271,613271,25.762,255,10920.006,4687.994,166.562,91.122
lesions:D4_8F_Ev_2_earlyAug,67,132025,1970.522,12.412,255,216.839,66.038,10.01,81.986
leaf:D4_8F_Ev_3_earlyAug,1,364483,364483,31.317,255,6699.003,3132.152,148.165,90.564
lesions:D4_8F_Ev_3_earlyAug,118,63629,539.229,12.56,255,86.221,28.501,8.591,77.486
leaf:D4_8F_Ev_A_earlyAug,1,96051,96051,9.936,255,4306.008,1824.231,67.04,96.581
lesions:D4_8F_Ev_A_earlyAug,23,19227,835.957,4.366,255,142.243,51.672,8.502,90.424
leaf:D4_8W_Ev_1_August_edited,1,231334,231334,10.292,255,6290.583,1465.748,200.951,2.076
lesions:D4_8W_Ev_1_August_edited,10,4267,426.7,0.26,255,89.165,39.161,9.217,140.205
leaf:D4_8W_Ev_A_August,2,899733,449866.5,17.378,254.999,5715.949,2306.151,248.989,0.689
lesions:D4_8W_Ev_A_August,80,63115,788.938,2.146,255,110.087,41.04,7.742,81.099
leaf:D4_9F_Ev_1_earlyAug,1,444997,444997,24.534,255,8170.459,3636.843,155.791,90.754
lesions:D4_9F_Ev_1_earlyAug,29,314836,10856.414,45.761,255,367.224,127.547,14.662,87.383
leaf:D4_9F_Ev_2_earlyAug,1,325246,325246,20.301,255,7359.932,3311.993,125.035,91.813
lesions:D4_9F_Ev_2_earlyAug,37,196503,5310.892,26.867,255,233.887,87.979,11.492,91.683
leaf:D4_9F_Ev_3_earlyAug,1,437342,437342,26.515,255,9271.444,4179.094,133.244,90.252
lesions:D4_9F_Ev_3_earlyAug,85,86286,1015.129,13.788,255,135.778,39.713,10.196,79.709
leaf:D4_9F_Ev_A_earlyAug,1,328952,328952,24.594,255,6766.924,2916.032,143.632,87.603
lesions:D4_9F_Ev_A_earlyAug,22,238282,10831,36.364,255,383.714,119.427,14.361,79.093
leaf:D4_9W_Ev_1_August,1,68043,68043,4.69,254.921,4427.384,1631.686,53.095,2.359
lesions:D4_9W_Ev_1_August,3,632,210.667,0.217,255,65.779,23.497,10.519,82.841
leaf:D4_9W_Ev_2_August,1,139999,139999,16.46,255,4018.403,1549.238,115.058,3.419
lesions:D4_9W_Ev_2_August,16,48261,3016.312,14.733,255,235.366,85.739,12.297,46.559
leaf:D4_9W_Ev_3_August_edited,1,155524,155524,14.66,255,6569.749,2717.634,72.865,179.471
lesions:D4_9W_Ev_3_August_edited,19,70590,3715.263,19.285,255,346.769,122.317,8.102,75.213